level1	MM-ED-DNA-A-12-2023.reads.qc	MM-ED-DNA-A-4-2023.reads.qc	MM-ED-DNA-A-9-2022.reads.qc	MM-ED-DNA-O-12-2023.reads.qc	MM-ED-DNA-O-4-2023.reads.qc	MM-ED-DNA-O-9-2022.reads.qc	MM-HC-DNA-A-12-2023.reads.qc	MM-HC-DNA-A-4-2023.reads.qc	MM-HC-DNA-A-9-2022.reads.qc	MM-HC-DNA-O-12-2023.reads.qc	MM-HC-DNA-O-4-2023.reads.qc	MM-HC-DNA-O-9-2022.reads.qc	ZH-ED-DNA-A-12-2023.reads.qc	ZH-ED-DNA-A-4-2023.reads.qc	ZH-ED-DNA-A-9-2022.reads.qc	ZH-ED-DNA-O-12-2023.reads.qc	ZH-ED-DNA-O-4-2023.reads.qc	ZH-ED-DNA-O-9-2022.reads.qc	ZH-HC-DNA-A-12-2023.reads.qc	ZH-HC-DNA-A-4-2023.reads.qc	ZH-HC-DNA-A-9-2022.reads.qc	ZH-HC-DNA-O-12-2023.reads.qc	ZH-HC-DNA-O-4-2023.reads.qc	ZH-HC-DNA-O-9-2022.reads.qc
BAC0001|abeM|tr|Q5FAM9|Q5FAM9_ACIBA	0	0	0	0	6.70602490600734e-06	0	0	0	0	0	0	0	0	0	0	0	0	0	0	0	0	0	0	0
BAC0003|acn|tr|O53166|O53166_MYCTU	0.00842490275112547	0.00578361874115159	0.00406608202411599	0.00911598343437962	0.00608397659582045	0.00406314359018679	0.00986382698957313	0.00781575334660688	0.00990659018548427	0.0104892324942624	0.0101915174192671	0.0104988698024828	0.0072902928178259	0.00757624301464744	0.00788518541477967	0.00747702977579139	0.0078799306298635	0.00749183267133431	0.00766189903699926	0.00812320167318409	0.00823090565898392	0.00716753907411628	0.0070926175160112	0.00816190210233655
BAC0005|acrA|sp|P0AE06|ACRA_ECOLI	0	0	0	0	2.04322612753312e-05	0	1.16252169965629e-05	0	0	4.74879340519625e-05	4.76876881360781e-05	0	0	1.35595492900223e-05	0	0	1.62531411204773e-05	0	0	3.74312284044147e-05	2.38139550969168e-05	1.28945287447555e-05	0	4.89017834767055e-05
BAC0006|acrB|sp|P31224|ACRB_ECOLI	0.00128302158102658	0.00137356932317446	0.000511266301625185	0.00139894216242539	0.00132905154166924	0.000528552902633208	0.000710716118959993	0.000410807211743023	0.000198326393222801	0.000791495139697406	0.000506667308532039	9.63636435873486e-05	0.000953107422951499	0.000789766835449543	0.000482815206646217	0.000965430209392783	0.000762986652339713	0.000522138543499245	0.000423206125652338	0.000263469455507966	0.000234826381811261	0.000481851944707429	0.000231129234056674	0.000130952158690784
BAC0007|acrC|tr|Q1LMP2|Q1LMP2_RALME	1.98837558718172e-05	3.55642087952532e-05	1.53291024801705e-05	2.8141346783437e-05	4.87116818193073e-05	4.23375072436038e-05	0	0	0	0	0	0	1.12595935827934e-05	7.3768970193014e-05	2.22105581595944e-05	7.67807172659034e-05	1.21929271066317e-05	8.56764833203436e-06	0	3.82726739520966e-05	0	0	1.13704321116833e-05	0
BAC0008|acrD/yffA|sp|P24177|ACRD_ECOLI	0.000372558341131295	0.000263533111097968	0.000164411830404032	0.000435044325575675	0.000285017310658963	0.000161674569609133	0.000112064625552036	4.02291274757435e-05	1.64320072697492e-05	0.000119451456592247	5.42794548043219e-05	1.25534429699612e-05	9.531430551336e-05	0.000158742964188704	0.000329624387730142	0.00011095072789099	0.000130286775972193	0.000241755158877281	2.98326395595176e-05	5.26407726719436e-05	1.50933985411756e-05	1.91535354843506e-05	2.71994003443051e-05	2.74201140219607e-05
BAC0009|acrE/envC|sp|P24180|ACRE_ECOLI	0.000138050076481474	1.53832725138527e-05	2.01567743651592e-05	1.20879875956127e-05	7.80337443608127e-06	0	2.15776105603736e-05	1.01797154984983e-05	0	0	0	0	1.33250709770396e-05	0	0	0	3.42035357796421e-05	4.32610606687657e-05	0	2.36313771691799e-05	1.33694911544105e-05	0	2.96037321764897e-05	1.24791603564522e-05
BAC0010|acrF/envD|sp|P24181|ACRF_ECOLI	0.000569804646985911	0.000314912888695434	0.000315968159862363	0.000657307289013713	0.000274338420201253	0.000252305338138382	0.000251024637275646	0.000119437182078126	4.94390470175917e-05	0.000232743461081826	0.000216641812541447	2.02789771030853e-05	0.000282252094454551	0.000290293951604858	0.000381718635705087	0.00031588110057683	0.000246938612306959	0.000321317884676864	7.40424512991506e-05	0.000119078677153917	6.50188019667378e-05	9.7431757545092e-05	7.6379283210565e-05	3.66978347868313e-05
BAC0011|acrR/ybaH|sp|P0ACS9|ACRR_ECOLI	0	0	0	0	0	0	0	0	0	0	0	0	0	0	0	0	0	0	0	0	4.78814334367258e-05	0	0	4.46928068579916e-05
BAC0012|actP|sp|Q9X5X3|ATCU_SINMW	0.00148960062660481	0.000727842173353646	0.000471251735571999	0.00141363053416684	0.000665668413170496	0.000458801378376273	0.000299235334626619	0.000542462719202325	0.00281841283439867	0.000270651125757001	0.000588903067806807	0.00308811528723346	0.000315129066709723	0.000185122771436359	0.000113972006159887	0.000279188892875731	0.000178019684469545	0.000135103629864643	0.000589837847830739	0.000600426843909438	0.000318821601980716	0.000546576777025731	0.000333822550258334	0.000199657943032407
BAC0013|adeE|tr|Q8GKU1|Q8GKU1_ACIG3	9.28011752409244e-05	0.000113518454023556	3.26594222484133e-05	5.84897248662507e-05	8.77510545538518e-05	3.22843925892346e-05	6.02293964440458e-05	3.74096902140761e-05	1.24198189057798e-05	8.80568252910756e-05	0.000107559888903178	0	5.50209387190075e-06	7.54471122677377e-05	2.8841660675431e-05	2.03677474959021e-05	4.3343737401837e-05	5.10771602420147e-05	1.97065365877276e-05	1.43438201511126e-05	1.98735679322318e-05	2.4508566063584e-05	4.22275458973952e-06	2.75412246973273e-05
BAC0015|adeG|tr|Q2FD81|Q2FD81_ACIBA	0.000426739174770399	0.000647257468424825	3.86185905082056e-05	0.000391118880985524	0.00059898746383113	4.26973160870339e-05	0.000339407596013078	0.000120400689194704	7.84829349551262e-05	0.000348759181199044	0.000342067461095725	4.62005779893395e-05	0.000504672208688266	0.000841884630505343	0.000525453823152922	0.000648309219026761	0.00104874371099828	0.000503364508856049	0.000622519734568722	0.000788099362237629	0.0010455003402417	0.000556481591304262	0.000647486518677058	0.000923656509426439
BAC0016|adeH|tr|Q2FD80|Q2FD80_ACIBA	1.00036287305416e-05	2.40235666587229e-05	0	9.43871258574906e-06	1.77894318666027e-05	0	9.93751468642004e-06	8.83553406391402e-06	8.81987139685814e-06	1.25742364041046e-05	2.31497363058349e-05	9.04436780736293e-06	1.15655607997172e-05	0	0	2.29933381341991e-05	0	0	5.04641211998064e-05	8.22531751226769e-05	6.4158531197962e-05	2.05613005147739e-05	8.10408127214694e-05	7.89682448465823e-05
BAC0017|adeI|tr|Q2FD95|Q2FD95_ACIBA	0	0	0	0	0	0	0	0	0	0	0	0	0	0	1.88028345623657e-05	0	0	0	0	0	0	0	0	0
BAC0018|adeJ|tr|Q24LT7|Q24LT7_ACIBA	0.000345777601773067	0.00029657354165918	9.02930137878235e-05	0.000342114858220146	0.000225634793086996	8.20339223529185e-05	0.000218895364261198	0.000115493052406876	4.84819017777606e-05	0.000174365022744962	0.000175819044710126	2.86549166140233e-05	0.000237273585847614	0.000177979465560962	5.47094951954503e-05	0.000165012190975257	0.000286393188035428	0.000116920461748578	0.000173670838510371	3.26774147433934e-05	4.91472315256312e-05	0.000216280735020375	3.71057071546318e-05	1.77936718018006e-05
BAC0019|adeK|tr|Q24LT6|Q24LT6_ACIBA	0	0	0	0	0	0	0	0	0	1.1763990540772e-05	0	0	0	0	0	0	0	0	0	0	0	0	0	0
BAC0020|aioA/aoxB|sp|Q8GGJ6|AIOA_HERAR	8.75049343314771e-05	0.000443672522381542	0.000310884080558233	5.49625032668036e-05	0.00032858158102167	0.00033429203661354	3.21835547341165e-05	2.02444059631154e-05	5.05212972438502e-06	0	1.44596677272386e-05	5.18288263672781e-06	0.00154139201448904	0.000957364918776754	0.00570436297483048	0.00175137918262622	0.00092672741032104	0.00457146402903375	0.000580589604746839	0.000220414883756414	4.38751460835245e-05	0.00066660217697216	0.000263283663283376	9.21152826034901e-05
BAC0022|aioR/aoxR|tr|Q2VGB1|Q2VGB1_RHIRD	0.00010306906162644	5.16836191924689e-05	3.45880215322511e-05	0.00012033290819162	6.63392755226674e-05	0	4.59432783927512e-05	0.000107388577399317	0.000106804822762147	8.10124340045559e-05	6.89921182788047e-05	0.000119983565526266	0.000202472075215475	0.000252349961384247	5.68066813601823e-05	0.000142968102701528	0.000190673104436738	0.000101270766313832	0.000225765318645311	0.000198977621488607	0.000120969264663129	0.000191098666385794	0.000107832599104408	0.000166819027906549
BAC0026|chrA|tr|A4UQR4|A4UQR4_9RHIZ	0.0192942851746159	0.0172446196983735	0.0206413665464225	0.0169079878147654	0.0151822061155882	0.0233974813502807	0.0220248355920609	0.0193611051620402	0.0313907668742562	0.0248605917744002	0.0220768978936381	0.0353526138268046	0.0128582376861941	0.013398379539769	0.013327593648673	0.0134370266684496	0.0127287450221115	0.0138174654941606	0.0105320742685963	0.0081308849777032	0.0126644652585838	0.00976903968855026	0.00784764632441783	0.0100319837762583
BAC0027|chrB|tr|A4UQR5|A4UQR5_9RHIZ	0.00308210701888125	0.00242976817141879	0.00412194406859218	0.00227214316288962	0.00198611135995724	0.00485904313903515	0.00307976590044136	0.00233671961528511	0.00243818560249684	0.00350467041500157	0.00210993708390357	0.00394082759473769	0.00309672656440229	0.00322850434830174	0.00466937058298747	0.00270774634933493	0.00252309178534999	0.00497240771008746	0.000804927202097718	0.000411487245971172	0.00053196372770983	0.000647438421135952	0.000287445070438743	0.000211500055217069
BAC0028|chrC|tr|A4UQR3|A4UQR3_9RHIZ	0	0	0	0	0	0	6.30593206310588e-05	5.64811827466187e-05	0	0	0	3.76290474884354e-05	0.000159153240481539	0.000269157053406943	0.00010997238052159	0.000103360746333555	0.000271190014379578	7.72996984412506e-05	0.000144900184513864	4.70417788642805e-05	4.99228524011932e-05	2.4328528689115e-05	2.79265130267766e-05	0
BAC0029|chrF|tr|A4UQR2|A4UQR2_9RHIZ	0.000796746155693076	0.00339237785769771	0.00103316234578539	0.000680035645021755	0.00501277328824688	0.000920135157427656	0.00249467546566856	0.002548925355524	0.00362998187098862	0.00288821827378014	0.0030985816819286	0.00366365633393535	0.0076184662099897	0.00926259139791094	0.00797476850455328	0.00703514290622735	0.00855328959359369	0.0106282962706136	0.00372417882060893	0.0018991400023821	0.000539936449907405	0.00375743988716427	0.00118656144301471	0.000926250821314383
BAC0030|arsA|sp|P52145|ARSA2_ECOLX	3.99164641627393e-05	7.9404223353175e-05	3.91345675882053e-05	5.52267896888505e-05	0.000101826674716864	4.00862847315082e-05	0.000906101317252753	0.00125381229612637	0.00399739221118069	0.00105867036383521	0.00187321589065177	0.00513886178939768	0.00270049184769481	0.000713750951230075	0.000966946894261462	0.00248651417851687	0.000568294973727412	0.00114453053785821	0.00112578358746705	0.000751497610648406	0.000850458197423414	0.00103172818116807	0.000800350186372393	0.000984541842677509
BAC0031|arsB|sp|P08691|ARSB1_ECOLX	0	0	0	0	0	0	0	0	0	0	0	0	0	1.25481143779461e-05	2.73495775452591e-05	2.53698523833142e-05	1.5347740413942e-05	1.98164313693732e-05	0	0	0	0	4.77677418957604e-05	0
BAC0034|arsH|tr|E8PS81|E8PS81_YERPE	0.00131802120433821	0.00267004922404078	0.000970713762713854	0.00161338162025064	0.00218640461128606	0.00073725659165586	0.00147288893694366	0.00094450988647274	0.00084540422482791	0.0013645417717603	0.00156963512313718	0.00100210269837885	0.00275278863325189	0.00271802217552494	0.00134119970559749	0.00204882535881646	0.00260529216607735	0.00106265613218264	0.00191579328197897	0.00418041099310479	0.0034973074090004	0.00232302494198449	0.00380857402102948	0.00417729135035378
BAC0035|arsM|tr|Q6N3Y0|Q6N3Y0_RHOPA	0.00349724537517555	0.00387420069334865	0.00183287045034766	0.00384673814242817	0.00457969843361944	0.00234038149582664	0.00575449966627085	0.00465101888705066	0.00234918899719961	0.00541970138784884	0.00508690914964215	0.00230863017172093	0.0170827828459483	0.0138793735398523	0.0124419220033623	0.0169459325827281	0.0154474649333157	0.0170245681348305	0.00983660577554758	0.0106687224827672	0.00953617256367378	0.0101351497134542	0.0105370457319357	0.0102322500526959
BAC0039|baeR|sp|P69228|BAER_ECOLI	0.000121204680244151	2.4677332990972e-05	0	1.97868844571041e-05	1.22675548947228e-05	0	3.69216891810837e-05	0	0	0	0	0	4.51263399060393e-05	3.85791776549952e-05	1.56439583558882e-05	0	4.99300365016567e-05	3.43375280807315e-05	4.25332748018454e-05	6.06538680675617e-05	0	0	1.82282239790423e-05	0
BAC0040|baeS|sp|P30847|BAES_ECOLI	0	0	0	0	0	0	0	0	0	0	0	0	1.17176926793097e-05	0	0	0	0	0	0	0	4.31880778802614e-05	0	0	2.05759175042145e-05
BAC0041|bcr|sp|P28246|BCR_ECOLI	0	0	9.60246334340223e-06	0	0	0	0	0	0	0	0	0	0	1.35937905761082e-05	0	0	0	0	0	0	0	0	0	6.11577898421368e-05
BAC0044|bepE|sp|Q8G2M6|BEPE_BRUSU	0.00285651259246632	0.00249488368429436	0.00220546276881524	0.00268032270826737	0.00251412102316703	0.0024986783057148	0.00138342161746059	0.000881372445420889	0.000592440724093593	0.00133077385127061	0.000943826072755953	0.000430109515015183	0.00087688236398519	0.0012163542729416	0.00220273185280316	0.00127246270868895	0.00112789332254053	0.00198082949309704	0.00127552747828055	0.00128184919082841	0.0014785399681386	0.00131110071480759	0.00109407682569587	0.00121009859917015
BAC0046|bepG|sp|Q8FWV9|BEPG_BRUSU	0.000801619591486929	0.000194582641620753	0.000146391858217578	0.000718783449686447	0.000210244995071796	0.000153897233034478	0.000327018220051265	0.000416490011134093	0.00013882674670753	0.000273908929350935	0.000316704764430102	0.000143987346037107	4.03363932121022e-06	8.83155918255184e-05	3.91098958897206e-05	3.23660136479524e-05	4.7695461229405e-05	6.24355406207714e-05	0.000346628489663198	0.000372827392016778	0.000200017759722309	0.000386651448970674	0.000386860690034481	0.000312958352434889
BAC0048|bfrA|sp|P63697|BFR_MYCTU	3.10085526687946e-05	6.7655991873593e-05	0	0	1.85170639920344e-05	0	0.000280395847082758	0.000214172393091048	0	0.000196556469764948	0.00034362269392216	5.33003366217309e-05	3.58501210772904e-05	3.25019838076309e-05	8.65829141709537e-05	9.35959013032475e-05	3.80971458275133e-05	0.00010747953178795	0	0	0	0	0.000133951199051552	2.71334843329868e-05
BAC0058|cadR|tr|Q93TP7|Q93TP7_PSEPU	0	0	2.63957759543751e-05	0	3.84223293662287e-05	0	0	0	0.000345980669518153	0	4.32178518696594e-05	0.000205643082888555	3.02457960272487e-05	2.85636056676756e-05	5.32107427071028e-05	0	0.000133475226530556	2.95059317557306e-05	5.59788206471601e-05	0.000125846460956506	0	0	0	0
BAC0061|cepA|sp|Q8RR17|FIEF_KLEPN	1.61058422561719e-05	0	0	0	0	0	0	0	0	0	0	0	0	7.03397099570145e-05	0	0	0	0	0	0	0	0	0	1.63417576096398e-05
BAC0063|chrA|sp|P14285|CHRA_PSEAI	0.0044171757816488	0.0038207252217184	0.00179663483547299	0.00401734637200621	0.00422132919175629	0.00199881885159706	0.00113560820449992	0.000798493185942307	0.000392687206893563	0.00123638786481555	0.000695167458448831	0.000295079022095846	0.00273690338041466	0.00243302447988334	0.00593191824773511	0.0028095493539241	0.00226616101848284	0.00527637129368471	0.00150485664183138	0.000613099796211772	0.000247464139156155	0.00169841835184714	0.000554872303815482	0.00021872814031364
BAC0064|chrB1|sp|P17552|CHRB1_RALME	0	0	0	0	0	0	0	0	1.28798121985865e-05	0	0	0	0	0	0	1.61102397834708e-05	0	0	0	0	0	0	0	0
BAC0066|chrF|tr|Q5NUZ7|Q5NUZ7_RALME	0.00441196775040791	0.00196497760539192	0.00128045909154674	0.00304808474968351	0.0022081598810501	0.00195357354852629	0.00158038016012603	0.00155772268717021	0.00177727608541709	0.00106464487854003	0.00195945418591849	0.00100411475834124	0.00157976119250014	0.00127734247345409	0.00195549479448603	0.00172853569090749	0.00103653815180205	0.00303306225483033	0.000453853602841849	0.000831102406497185	0.00108572546277934	0.000808822210043535	0.000860152884905784	0.00121792784927844
BAC0074|cnrT|tr|Q5NUX6|Q5NUX6_RALME	0.000738008854124606	7.47250132083158e-05	0.000142604871630432	0.000467038120655887	5.28962073953509e-05	7.93677486219125e-05	4.44427740142674e-05	0	1.95674069940064e-05	9.26431943897146e-05	3.11316286801273e-05	9.70762144656955e-06	4.44970477166164e-05	0.000210111204084052	7.55456108639047e-05	8.9225943416146e-05	0.000303510093208155	0.000275565227602451	5.49007907785899e-05	8.29454606052126e-05	0	7.75890612252805e-05	2.8863404591196e-05	1.2570582776646e-05
BAC0077|copA|sp|P12374|COPA_PSEUB	0.000143296173687666	0.000137738567171888	6.14202400483184e-05	0.000114315557099959	0.000145627111889903	4.63001310742859e-05	6.72956896403989e-05	0.000275866389735168	0.00184155935499494	0.000172444089766061	0.000371166834022668	0.00218837523466953	0.000394987097544176	0.000537783748087961	0.000410108038016019	0.000216097734775033	0.000561331130875552	0.000374908473563849	0.000146923024247653	0.000162839202447395	1.65589756733022e-05	7.26260511606093e-05	0.000167111744853237	0.000133149098947508
BAC0079|copB|sp|P05425|COPB_ENTHA	6.35321540854337e-06	1.36281340391178e-05	3.58330630459286e-05	3.12340619081268e-05	2.52441781589255e-05	1.65940296847414e-05	3.03550800314279e-05	0	2.27557755790463e-05	7.6426462036693e-06	2.42182399980475e-05	2.31028360063997e-05	5.14162917700178e-05	1.43068715636442e-05	0	5.82867233108444e-05	3.32302271104765e-05	0	8.64064555349913e-05	6.37747606079508e-05	6.83856522615338e-05	0.000144572417800662	8.7155506810426e-05	1.88204403074778e-05
BAC0083|copR|sp|Q02540|COPR_PSEUB	0.00426226353189496	0.005737263608258	0.00527465046682008	0.00388443563629438	0.00528333138251191	0.00659681775861792	0.0008205723432536	0.00059967642680361	0.00118190717181787	0.000762513882029525	0.00100864754653406	0.00094104057238662	0.000934124652634174	0.00141052524551938	0.00189347028999132	0.00143788080330426	0.000990237563731361	0.00145407051441335	0.00177903270419946	0.000925839880414543	0.000521065190177872	0.00144688654983531	0.000917962032981215	0.000525239927400581
BAC0086|corA|sp|P0ABI4|CORA_ECOLI	0	0	0	0	0	0	0	0	0	0	0	1.27182129078474e-05	0	0	1.03963014390396e-05	0	0	0	0	0	0	0	0	3.04080806154057e-05
BAC0087|mgtA|sp|P0ABB8|ATMA_ECOLI	0.000760637034510951	0.00147034326945164	0.000568632032285722	0.000812275844795866	0.00140419202956585	0.000683246275027067	0.00132422639677033	0.00256420382962007	0.00146159692889077	0.00161203758564846	0.00252677743000427	0.00110310145618135	0.000920278995603458	0.000905182963573461	0.00145481844354145	0.000895264567994708	0.000745669455280622	0.00144012341426106	0.000641913938693912	0.000784852947600298	0.0021301644711581	0.000682132345111566	0.000761008586610678	0.00240201999323696
BAC0088|corC|sp|P0A2L3|CORC_SALTY	0	0	0	0	0	0	0	0	0	0	0	0	0	3.68708292338278e-05	0	0	0	1.45569333175704e-05	0	0	1.7627582515233e-05	0	0	9.90579142776111e-05
BAC0092|corT/coaT|tr|H0P0Y3|H0P0Y3_9SYNC	9.67640723000983e-05	9.14986369148382e-05	8.11090390284019e-05	5.17787630653193e-05	5.14755307426857e-05	0.000138882850864532	0.000400560070321259	0.000250290979974761	0.000303066795915805	0.000453294367254667	0.000273318581137195	0.000266868864346582	0.000143125745063523	0.000137177862733258	5.27557162624579e-05	5.31070899046289e-05	4.61507988615498e-05	8.75581630942017e-05	0.000145049581052259	0.000191157310057165	0.000462398756148201	0.000149586977605749	0.000212677556705796	0.000292471643200563
BAC0098|ctpC|sp|P0A502|CTPC_MYCTU	5.23249891956242e-05	6.39694380301475e-06	0	6.66691237863877e-05	3.5064104377617e-05	2.83036260124371e-05	1.58125618707287e-05	0	1.38036427392929e-05	1.44503019678786e-05	0	0	1.23847688468121e-05	1.16959610951206e-05	1.80842415534641e-05	0	0	1.01487254963722e-05	1.75539523086463e-05	4.0126166200685e-05	5.7058413303244e-05	5.84635778212774e-06	4.36130501888242e-05	7.29233863249107e-05
BAC0102|cueA|tr|Q8KWW2|Q8KWW2_PSEPU	0.00284018422271797	0.00664488990243473	0.00128771312769139	0.00246284892993709	0.00773797393392231	0.00144234378504182	0.00304117514493751	0.00197582274731393	0.00124964883022873	0.00276314210498463	0.00198737264709798	0.000909641888171527	0.00283792617178362	0.00245706280773846	0.00286115632339529	0.00306502870620733	0.0025502340813316	0.00416638046591239	0.0029360408217247	0.00266511726439901	0.00195976035465515	0.00286645471068905	0.00193070151254477	0.00164545300900074
BAC0106|cuiD|sp|Q8ZRS2|CUEO_SALTY	0	0	0	0	5.49293502748781e-06	0	0	0	0	0	0	0	0	0	0	0	0	0	0	0	1.92061719942091e-05	0	0	0
BAC0107|cusA/ybdE|sp|P38054|CUSA_ECOLI	0.00243607809951548	0.00163870997862978	0.000657888622417229	0.00203552045997919	0.00156625277205672	0.000690501694070467	0.00228203897911259	0.00200730096906063	0.00441809850204278	0.00217212878136984	0.00218247922940824	0.00492101305398653	0.00251558758763198	0.00303687306906103	0.0040276842544539	0.00274886675064157	0.0028018298388423	0.003631875839949	0.00133710827047963	0.00100732538291766	0.00116895030416182	0.00154737497754028	0.000942556694003018	0.000936958652632929
BAC0108|cusB|sp|P77239|CUSB_ECOLI	1.9382250120249e-05	1.1878974914172e-05	1.52537751952556e-05	9.33435335568549e-06	4.10415314935518e-05	0	8.61808469828735e-06	0	0	0	0	0	0	0	0	1.09147737777083e-05	1.32654253631855e-05	0	0	0	3.6133759876785e-05	0	0	2.40910431591741e-05
BAC0109|cusC/ylcB|sp|P77211|CUSC_ECOLI	0	0	0	0	0	0	0	0	0	0	0	0	0	0	0	0	0	0	0	0	4.32136725653655e-05	0	0	6.3293021814141e-05
BAC0111|cusR/ylcA|sp|P0ACZ8|CUSR_ECOLI	0.000789291972834605	0.000628303578444959	0.000203752134177508	0.00102215384095941	0.000895995828146433	0.00014137370260199	0.000161024107001202	7.59666874645648e-05	3.37031209073144e-05	5.51819256731893e-05	8.22814591234776e-05	0	0.000156189659660875	0.000248999917248714	0.000248787179139896	0.000242663789873736	5.62700900304288e-05	0.000283553303993353	8.99382022241665e-05	0.000283229516086412	0.000136976284451732	0.000105990754118235	0.000268795512419914	6.34952872762216e-05
BAC0112|cusS|sp|P77485|CUSS_ECOLI	0	0	0	0	5.63306092104617e-06	7.93828260817571e-06	0	0	0	0	0	0	1.14003385025784e-05	5.96631468385391e-05	0.000479911014146779	4.34976474153712e-05	7.65410999118803e-05	0.000210001092788474	1.04163121963703e-05	2.94845191995092e-05	0	0	1.10328724083677e-05	9.39651062554288e-06
BAC0119|czcA|sp|P13511|CZCA_RALME	0.0070246728542619	0.00564625641407352	0.00255996912706622	0.00588384136438162	0.00517881258412041	0.00239495671267393	0.00197320899565133	0.00124601335049541	0.000576756293946299	0.00214681428582393	0.0016186764638341	0.000599004991461326	0.00766729068886484	0.00700355261939293	0.00617281457459431	0.00752748462907666	0.00724891654164997	0.00610741144105428	0.00183995384864765	0.00198736991984306	0.000634920566683214	0.00193602239233184	0.00126887283540204	0.000484626121247681
BAC0120|czcB|sp|P13510|CZCB_RALME	0.000334126696099391	0.000170610634995669	0.00011088357867357	0.000179177849099254	0.000226940136388404	0.000142319158965037	0	8.3743386045339e-06	0	1.19228546865362e-05	2.32129731292228e-05	0	0.000140969570329959	9.19274859328329e-05	0.000204875685391536	0.000144802315618437	0.000149410252929725	8.97502353397581e-05	0	9.72017116467335e-06	0	0	3.25451286427435e-05	0
BAC0122|czcD|sp|P13512|CZCD_RALME	0	6.23467622453388e-05	5.45189716769037e-05	1.29240916200832e-05	8.08118444369493e-05	6.29703430521956e-05	0.0001971688306743	0.000145798295147796	0.000103721209153016	0.000152554635139276	0.000134298107031426	3.92605702807465e-05	0.000202752855647121	0.000549898081264312	0.000157429707505457	3.16303926801783e-05	0.000516316443668544	9.03161631330632e-05	0.000490489637601235	0.000516965457791032	0.000259623188308183	0.00105201318539151	0.000387638180820139	0.000139628941601353
BAC0124|czcP|tr|Q1LAJ7|Q1LAJ7_RALME	0.00272900474299022	0.00202633459880473	0.00175736071393844	0.00263965153905918	0.00251484120341023	0.00208112595920007	0.0046763390347296	0.00514742410179074	0.0157498585046499	0.00483173091804909	0.00571940776777146	0.0173908817954862	0.00260144998134228	0.00279416839761176	0.00232328821831746	0.00242022995623364	0.00255250177720846	0.00184911218451534	0.00207961861474216	0.00278978527070703	0.00350770015121514	0.00228366210409293	0.00211114566132487	0.00346535939352113
BAC0125|czcR|sp|Q44006|CZCR_RALME	9.59776722204531e-05	0.000328225316081283	5.38051497053983e-05	5.31871454206959e-05	0.000443301031297737	2.89776716245111e-05	0	1.50961410577731e-05	8.30747886808829e-05	0	7.96245702846605e-05	3.88304857862782e-05	0.00029134198395478	0.000238772212711226	9.49066806923885e-05	8.29231746471757e-05	0.000290874469055805	0	3.98134599505709e-05	5.9306004332727e-05	0.000121853362235912	5.50590646499397e-05	0.000108985591790484	2.17890101461864e-05
BAC0127|cznA|tr|D3UHQ0|D3UHQ0_HELM1	0	0	3.6555170781957e-06	0	0	8.14342631967257e-06	0	0	0	0	0	0	0	0	0	0	1.24059144496131e-05	0	0	8.73003007841909e-06	0	0	0	0
BAC0130|czrA|tr|Q9RLI8|Q9RLI8_PSEAI	0.00370616699821338	0.0035932811245403	0.00168143554091067	0.00317978810302778	0.00339471512267225	0.0016737615851301	0.00185960953073327	0.00103915104038905	0.000910830049287148	0.00208139579470034	0.00132984332013776	0.000678499006871651	0.00459972744245324	0.00425549850147716	0.00428683159514349	0.00473216222248938	0.00391880909232396	0.00432251512785916	0.00203876268498129	0.00170938874610959	0.000778799664147634	0.00214146125370497	0.00157999240426885	0.00080931349532041
BAC0131|czrB|tr|Q9RLI9|Q9RLI9_PSEAI	0	0	0	0	0	0	0	0	0	0	0	0	0	0	0	0	0	0	0	9.98417581359041e-06	0	0	3.58168611518023e-05	0
BAC0132|dmeF|tr|Q1LRZ2|Q1LRZ2_RALME	0.00214251240612609	0.00202059341998522	0.000491421631358331	0.00144703247171116	0.00229789562291277	0.000869803028397389	0.000642988317479475	0.00036341998861393	0.000452900726066788	0.00090159661488999	0.000464668839900596	0.000392243814208903	0.000896806732990784	0.00064259485001867	0.000773188308270077	0.00125216242008246	0.000511221983535748	0.00116405071771946	0.00124913942857519	0.000887843487638174	0.000124295269296426	0.00117686338534733	0.000549107039236401	9.18903019515871e-05
BAC0135|dpsA|tr|Q8KR86|Q8KR86_BURPE	0.0161295810259373	0.0143124800836226	0.00505620864619372	0.0128383169138272	0.0132107564698484	0.0060945103019805	0.00970903678465534	0.0134698651781519	0.00775203696702425	0.00895304551540913	0.0129264434876033	0.00568273373236129	0.0119668368047127	0.012928178172655	0.0139477476860044	0.0141482182404796	0.011642619663219	0.0173103979768547	0.0167541880802976	0.0124477711955938	0.0166128306752026	0.0161536925212633	0.0111458660774775	0.0146567408250014
BAC0136|dsbA|sp|P0AEG4|DSBA_ECOLI	0	0	0	0	0	0	0	0	0	0	0	0	0	0	0	0	0	0	0	0	0	0	0	2.26270489979628e-05
BAC0143|emhB|tr|C1KA85|C1KA85_PSEFL	0.000294137598575327	0.000255956971238894	0.000142764083635738	0.00025447360170108	0.000199925562556447	0.000106847978432624	1.30486994496714e-05	1.98314508130139e-05	2.03736877496142e-05	5.18597776552588e-05	8.8002043342185e-05	1.19365060671292e-05	0.000114760523256505	0.000300414001544524	0.000435032655987745	0.000117906740177965	0.000352697190510274	0.00031933592478555	0.000167313249985341	0.000106748505944333	2.84042794585774e-05	0.000121421440030075	9.30617007698632e-05	2.69778541183807e-05
BAC0144|emhC|tr|Q4KH24|Q4KH24_PSEF5	1.88692785314183e-05	7.01336145472826e-05	2.18759066644099e-05	4.41662803684497e-05	3.98100546848146e-05	8.08419891400501e-05	3.36169700877151e-05	1.57699479235996e-05	0	2.18690809065215e-05	6.74518621402758e-05	0	0.000122682655079187	9.52572287777659e-05	0.000208586111411843	9.6432924661343e-05	0.000105672034924141	0.00035395097171717	8.38020178761479e-05	1.04001831391567e-05	2.03175394674609e-05	7.81562327254653e-05	3.36375283303964e-05	0
BAC0146|emmdR|tr|D5CJ69|D5CJ69_ENTCC	0	0	0	0	0	0	0	0	0	0	0	0	0	1.16518204938071e-05	0	0	0	0	1.10476038446352e-05	0	0	0	0	4.2021662424788e-05
BAC0147|emrA|sp|P27303|EMRA_ECOLI	8.36896983797945e-05	3.03721021427348e-05	9.75019354868534e-06	9.40029218515963e-05	4.51415206801102e-05	0	0	0	0	1.45994139018811e-05	0	0	0.000301378179388674	6.81864535297589e-05	0.000127758993239754	0.000125011241999005	9.58926821063094e-05	0.000198629393205462	0	1.21826145263906e-05	5.00988624577359e-05	1.28634496241912e-05	0	3.74603366744051e-05
BAC0148|emrB|sp|P0AEJ0|EMRB_ECOLI	3.79406599704943e-05	0.000102454998578589	5.92636724425633e-05	5.50941064102494e-05	0.000142938920871547	0.000138258422092394	0	0	1.59614078906311e-05	0	0	8.53208916202401e-06	6.54628812452742e-05	0.000121961789825021	0.000111371539467212	0.000116914388082871	0.000126539721628512	0.000108773156387317	4.61816966518762e-05	9.87204883912137e-06	4.08284265304192e-05	0	1.1242736829179e-05	9.57524859939831e-06
BAC0149|emrD|sp|P31442|EMRD_ECOLI	0	0	0	0	0	0	0	0	0	1.57357473020275e-05	0	0	0	1.31162828056175e-05	0	0	1.63768960021053e-05	0	0	0	7.70515090280472e-05	0	0	3.65823101819855e-05
BAC0151|emrK|sp|P52599|EMRK_ECOLI	0.000191354018895509	0.000181146693684718	0.000105677228289896	0.000150932513998376	0.000285524865703467	8.37998205390194e-05	3.50612939897888e-05	0	0	0	0	0	2.82799094637603e-05	0.000111001203420538	3.90088367272148e-05	2.84101408155814e-05	3.19851669215826e-05	6.545284830403e-05	1.26503016338347e-05	0	0	0	0	0
BAC0152|srpC|sp|Q55027|SRPC_SYNE7	6.19744981659833e-05	0	9.47830000682295e-06	8.04767331201915e-05	1.51361636962462e-05	5.2571764719793e-05	0.000169341844144792	8.77579544756041e-05	0.000130076271288015	0.000316159657118599	0.000158421469219927	8.64793452530279e-05	0.000340849815280651	0.000536122497218715	0.000214358055334499	0.000479837617744358	0.00045670423455588	0.00027039596238744	0.000218397996178349	0.000542489430680609	0.000166256013228783	0.000457465069358214	0.00043970372346392	0.000196350583798267
BAC0156|fabI|sp|P0AEK4|FABI_ECOLI	0.004543458351375	0.00381427990346204	0.0015037915354575	0.00423952880108396	0.00465368232915497	0.00180306070925241	0.00540860469759539	0.00677232123686167	0.0149299022297491	0.00576910885530364	0.00817600270279209	0.0169411703479033	0.00130973354552522	0.00197696883044397	0.00322671568531374	0.0014369695443051	0.0024652981700256	0.0021004799821052	0.0013171466529227	0.000967298010466776	0.00167071255737381	0.00148024859003039	0.000660434406761764	0.00129935684932831
BAC0157|fabK|tr|Q9FBC5|Q9FBC5_STREE	0	0	1.05387579551172e-05	0	0	0	0	0	0	0	0	0	0	0	0	0	0	0	0	0	0	0	0	0
BAC0159|fabV|sp|Q9KRA3|Y1738_VIBCH	0	0	0	1.11319729015529e-05	0	0	0	0	0	0	0	0	0	0	0	0	0	0	0	0	0	1.14893145149655e-05	0	0
BAC0162|fbpC|sp|P44513|FBPC2_HAEIN	0	4.27793252491971e-05	0	0	0.000137218832323911	9.51404657159636e-06	4.14850440236896e-05	5.99376819223381e-05	0	1.42166577321689e-05	1.46333704055302e-05	0	1.31296033316211e-05	1.27017935315636e-05	3.66929922111423e-05	1.24784070997957e-05	3.03316186675085e-05	9.99057588156114e-06	2.31148500986869e-05	3.43591668360251e-05	1.23930676431333e-05	2.38700908240696e-05	0	0
BAC0163|fecD|sp|P15029|FECD_ECOLI	0	0	0	0	0	0	0	0	0	0	0	0	0	0	0	0	0	0	0	0	0	0	0	1.51084174126858e-05
BAC0164|fecE|sp|P15031|FECE_ECOLI	0	0	0	0	0	0	0	0	0	0	0	0	0	0	0	0	0	0	0	0	0	0	0	1.88410852440553e-05
BAC0169|fpvA|sp|P48632|FPVA_PSEAE	0	7.41524967801839e-06	0	5.71027634884772e-06	0	0	0	0	0	0	0	0	0	0	0	0	0	0	0	0	0	0	0	0
BAC0170|frnE|tr|Q9RWK7|Q9RWK7_DEIRA	0	0	0	0	9.77589408520182e-06	0	0	0	0	0	0	0	0	0	0	0	0	0	0	0	0	0	0	0
BAC0171|furA|sp|P0A582|FURA_MYCTU	3.3539863090737e-05	0.0001208685697517	2.63957759543751e-05	9.49770453940999e-05	6.00859831578258e-05	0	0.000185236365789451	0.000421838792509201	2.89795774468196e-05	8.43521692108685e-05	0.000172007050441244	8.7962937189324e-05	0.000192332241404043	0.000179438035604629	7.76876843523701e-05	7.02610718129313e-05	0.000130787805862155	0.000142808709697736	3.54296333209874e-05	0.000167795281275341	0.000194370833498523	6.96479987982033e-05	3.83752083769311e-05	0.000160082523523002
BAC0173|gadB|sp|P69910|DCEB_ECOLI	0	0	1.59870038741692e-05	9.78304330239656e-06	0	0	0	9.15786041388514e-06	0	0	1.33604372110368e-05	1.83736526091724e-05	0	2.12553209557414e-05	0	1.09627894134257e-05	2.5997623118346e-05	0	1.11763006398823e-05	3.21057670743889e-05	0	0	1.21054841875727e-05	1.05204448130728e-05
BAC0178|gesA|tr|Q8ZRG8|Q8ZRG8_SALTY	0	0	0	0	0	0	0	0	0	0	0	0	0	0	0	0	0	0	2.5530176951888e-05	0	0	0	0	0
BAC0179|gesB|tr|Q8ZRG9|Q8ZRG9_SALTY	0.000264884168414689	0.000316549628648291	0.000171978363121429	0.000276288675179614	0.000319509351199434	0.000111401820007814	0.000282074705971123	0.000343501875363073	0.000288422334778773	0.000288436445903515	0.000344448327640611	0.000317259791332959	0.000334554009516423	0.000332581170446721	0.000248968778005084	0.000288645072210421	0.000420763467853761	0.000183032985800449	0.00036511395736661	0.000545788992911266	0.000162796410570123	0.000389344856523446	0.000388262534801291	0.000177141554524967
BAC0180|gesC|tr|Q8ZRH0|Q8ZRH0_SALTY	0.000179374921869566	0.000115822367038408	2.082799895883e-05	0.000198073400831831	2.77136144982417e-05	8.24865946296854e-06	0	0	0	4.82970670630818e-05	0	0	1.88116917636979e-05	2.54709259287684e-05	6.22026177172494e-06	0	2.30380873203633e-05	2.88008397086056e-05	1.65666993182828e-05	0	0	8.14175413386552e-06	0	0
BAC0181|glpF|sp|P0AER0|GLPF_ECOLI	0	0	0	1.6223836935647e-05	0	0	0	0	0	0	0	0	0	0	0	0	0	0	0	0	1.79438010409983e-05	0	0	3.45444982922635e-05
BAC0182|golS|tr|Q8ZRG6|Q8ZRG6_SALTY	0.000356650707793046	0.000951251341162728	7.407614579196e-05	0.000374357575027394	0.00047717634676637	7.03792328205362e-05	0.000145648871282522	0.000446210862684178	0.00130972635733678	0.000396017002204272	0.00065345392026925	0.00117096607786673	5.77419742338384e-05	8.38931075554108e-05	5.89188041975011e-05	8.65385635232585e-05	0	2.25318024316488e-05	0.000137982317406464	0	0	8.64268348723159e-05	0.000118115901108216	0
BAC0183|golT|tr|Q8ZRG7|Q8ZRG7_SALTY	0.00503440211420627	0.00282581833349939	0.00154086900939331	0.00401683102613603	0.00310444246315433	0.00166360845392124	0.00163785485373173	0.00416126819829954	0.0197646422828539	0.00160717449959054	0.00498137127802804	0.0233737357423792	0.000594553086735517	0.000515142580956281	0.00040146667408057	0.000645942614658821	0.000404209934679848	0.000383191444740131	0.000798173844023704	0.00107537238529233	0.000403365618949995	0.000705122920746283	0.000684559327385334	0.000478414604666462
BAC0190|hmrR|sp|Q9X5X4|HMRR_SINMW	0	0	0	0	1.92111646831144e-05	0	0	0	5.79591548936392e-05	8.43521692108685e-05	0	0	0.00011167678533138	7.10428140965265e-05	2.02200822286991e-05	7.25275580004452e-05	8.77890751677481e-05	5.7831626241232e-05	3.47210406545677e-05	0.000100402094533606	0	3.48239993991017e-05	0.000114342457612897	0
BAC0191|hoxN|sp|P23516|HOXN_CUPNH	0	0	0	1.02824151708712e-05	0	0	0	0	0	0	0	0	0	1.53365842397119e-05	0	1.58202027333592e-05	0	2.47143701885607e-05	0	0	0	0	0	0
BAC0195|ibpB|sp|P0C058|IBPB_ECOLI	0	0	0	0	0	0	0	0	0	0	0	0	0	0	0	0	0	0	0	0	3.62482682707607e-05	0	0	0
BAC0196|iclR|sp|P16528|ICLR_ECOLI	0	0	0	0	0	0	0	0	0	0	0	0	0	0	0	0	0	0	0	0	0	0	0	1.75345866322412e-05
BAC0197|irlR|sp|O31395|IRLR_BURPS	0.000153293285175935	0.000203734794428629	2.71104214168953e-05	0.000152626867707549	5.14273043621566e-05	1.81182345409309e-05	4.67567242904553e-05	0	0	0	7.54595017098892e-05	0	0.000191167248252842	9.96703848423964e-05	0.000119549900099582	8.72943588378721e-05	0.000235190382600059	0.000272743040788343	5.27638521737535e-05	1.72161634252904e-05	6.55964116839914e-05	9.29937646835749e-05	2.41311353985942e-05	0
BAC0199|klaB/telA/kilB|sp|Q52328|KLAB_ECOLX	0	1.21508085993772e-05	0	0	0	0	0	0	0	0	0	0	0	0	0	0	0	0	0	0	0	0	0	0
BAC0201|kmtR|sp|O53838|KMTR_MYCTU	0	0	0	0	0	9.77019397929319e-05	0.000244961207066805	3.28274073297729e-05	0.000131745617469772	0	9.38292808591744e-05	3.2931238907209e-05	4.38474557791475e-05	0.000124226332341666	5.89656891875787e-05	0.000122163605507	0	2.53569438134632e-05	0	0	0	0	4.33935048569913e-05	0
BAC0203|cnrA|sp|P37972|CNRA_RALME	8.55939799745727e-05	8.33498873194807e-05	6.84440507985724e-05	6.18763093134424e-05	8.36513036899843e-05	0.000102381221048194	0.000185380507249819	9.21114983758175e-05	0.000215165282734797	0.000124176427537189	0.000108875247868075	0.000129266542831272	0.000447007696490503	0.00036851502888393	0.000363692953784892	0.000396340186842582	0.000526367303387292	0.000305389684296171	0.000222556707615756	0.000332393719366532	0.000129843106471737	0.000332457861029141	0.00030728698454985	0.000171223954731486
BAC0207|mdeA|sp|P13254|MEGL_PSEPU	0.000899604859483544	9.08032722506488e-05	0.000128689355934346	0.000843816162094315	0.000184787043681354	0.000122119241999139	0.000521356515572086	0.000525622306060654	0.000125384000913124	0.000672062132079558	0.000407678991714603	0.000253764054095753	0.000176161009524766	0.000440119121500599	0.000645018483970165	8.14796089722338e-05	0.000442033433759214	0.000294025868590786	0.000201521617869476	0.000522720521285771	0.000101878785788993	0.000139425493875579	0.00049434596318725	2.36503828722425e-05
BAC0208|mdfA/cmr|sp|P0AEY8|MDFA_ECOLI	0	0	0	0	0	0	0	0	0	0	0	0	0	0	0	0	0	0	0	0	1.28104880399403e-05	0	0	0
BAC0210|mdtA/yegM|sp|P76397|MDTA_ECOLI	0	0	0	0	0	0	0	0	0	0	0	0	0	0	0	0	0	0	0	0	2.48060438286652e-05	0	0	3.2841026135999e-05
BAC0211|mdtB/yegN|sp|P76398|MDTB_ECOLI	0.000316870436539207	0.000695924034301133	0.000164310659649529	0.000312054388568884	0.000641244545258374	0.000197276500098562	0.000305136460107129	0.000218402750806244	0.000132748756689085	0.000325323606446917	0.000285886090117797	0.000107194542973466	0.000557301162952965	0.000620303486159386	0.000438331679317868	0.000647018606439609	0.000729198005612107	0.000536249315055116	0.000309885287842017	0.000444600629072159	0.000175144007059907	0.000316499927615624	0.000316041980527322	0.000152072625140475
BAC0212|mdtC/yegO|sp|P76399|MDTC_ECOLI	0.000219052281636457	0.000490431591802263	7.76035813058629e-05	0.00011397245447292	0.000524535977849976	7.98836478137852e-05	0.00015822294607601	0.00011581260935316	1.54369261326473e-05	0.000153438653164551	0.000139456629325755	4.10845481319207e-05	0.000212213130369946	0.000482539513503023	0.00017246510187467	0.000165340720180649	0.000511831720197524	0.000210732803913172	0.000147352709119385	0.000160560158071529	5.44189531936665e-05	0.000150127790268037	8.28904500941711e-05	8.45626169380775e-05
BAC0214|mdtF/yhiV|sp|P37637|MDTF_ECOLI	0.000127038780947272	0.00020105909626006	9.06996533680866e-05	0.00019883815385785	0.000263868435198398	8.27153227343696e-05	8.74086277141374e-05	5.7614157512234e-05	6.95845205810809e-05	6.03968038949565e-05	4.14141212728235e-05	3.62280568931766e-05	4.35345616877631e-05	6.66533571021244e-05	0.000104469056523169	6.29720347489401e-05	0.000124318473369178	7.78802951262106e-05	6.39844828263055e-05	0.00010050488263847	0.00011325113804721	0.000102185099104654	2.65332925807711e-05	9.20937622668611e-05
BAC0215|mdtG/yceE|sp|P25744|MDTG_ECOLI	0	0	0	0	0	0	0	0	0	0	0	0	0	0	0	0	0	0	0	0	0	0	0	3.58076747622989e-05
BAC0218|mdtK/ydhE|sp|P37340|MDTK_ECOLI	0	0	0	0	0	0	0	0	0	1.32896196568546e-05	0	0	1.22235576942306e-05	0	0	0	0	0	0	0	2.2526276124499e-05	0	0	1.07276308159561e-05
BAC0219|mdtM/yjiO|sp|P39386|MDTM_ECOLI	0	0	0	0	0	0	0	0	0	0	0	0	0	0	0	0	0	0	0	2.41629230513051e-05	0	0	0	1.17182359444734e-05
BAC0222|mepB|sp|P0C070|MEPB_PSEPU	0.000263140349864686	0.000180842402933257	5.80179155477166e-05	0.000270367989221871	0.000206981905792244	8.30621570684037e-05	7.41071047134609e-05	5.69837852015941e-05	3.64314687902875e-05	5.9046518447608e-05	6.49823620712199e-05	2.05524214054515e-05	8.0345242780076e-05	8.66429371919493e-05	0.000116659232311052	8.14424036713333e-05	9.95778938331314e-05	7.84857784702434e-05	0.000203068486342572	4.26502596094125e-05	2.93128367283435e-05	0.000143920624716607	2.1819047048598e-05	3.63253926294279e-05
BAC0223|mepC|sp|P0C071|MEPC_PSEPU	0	1.19869655952099e-05	0	0	0	0	0	8.63733436236224e-06	0	0	0	0	0	0	0	0	0	8.78228208415403e-06	0	0	0	1.69227368980759e-05	0	0
BAC0224|merA|sp|P16171|MERA_BACCE	0	4.75046042764208e-05	1.21755222651037e-05	0	2.3615410179304e-05	0	0	0	0	0	0	0	0	0	0	0	0	0	0	0	0	7.9504680720041e-06	0	0
BAC0233|merT|sp|P94185|MERT_ALCSP	0.00233342031983772	0.00540574258510188	0.00182769813903119	0.00319483130282567	0.00613654002129967	0.00147962288246181	0.00290440011877059	0.00198061771106128	0.000512638732076499	0.00240730910493604	0.00157401651915431	0.000703467809309169	0.00676256286519325	0.00535065659617595	0.00564059101926746	0.00742555583316843	0.00618345378153522	0.00885721268794592	0.00606929777028163	0.00131852445957214	0.000935452758544126	0.00656395763432319	0.00131104267929119	0.00132621815635473
BAC0234|mexA|sp|P52477|MEXA_PSEAE	0	1.54636029186248e-05	3.01904271920981e-05	4.81084773014501e-05	7.53035820254736e-06	0	0	3.41095776059344e-05	0	7.92866342452028e-05	7.92883963309005e-05	0	2.9468237904837e-05	0	0	1.39184739243674e-05	0	3.30682144825843e-05	1.35983187942171e-05	0	0	0	0	2.45766380761162e-05
BAC0235|mexB|sp|P52002|MEXB_PSEAE	0.00133562789100623	0.00118337956293227	0.00108518889460885	0.00132522942402188	0.00116828750044346	0.00104726640766826	0.00035800978252308	0.00027951396637894	6.8819570150956e-05	0.000332045943332458	0.000259951660442781	0.000114180560857691	0.000426586280106039	0.000494672580754787	0.000431854012931427	0.000399107416218332	0.00058590395195607	0.000415657902563654	0.000476899800271677	0.000282780780697396	5.85485842483162e-05	0.000417654279141245	0.000193490295391907	9.53321270879751e-05
BAC0236|mexC|tr|Q51395|Q51395_PSEAI	0.000122303500758781	0.000313258851320297	2.8274173033919e-05	0.000348494585166982	0.00020121817615644	7.52666795441846e-05	1.04945369765354e-05	0	0	1.34048020838977e-05	2.85639848868772e-05	0	0.000185292323465679	0.000117121570526432	0.000158258648483985	0.000397168029179441	0.000191911001529496	0.000541555073638823	0.000138076696556537	0.000102657063525201	2.44293027738397e-05	0.000136245523230439	2.70708834286878e-05	1.21613079885691e-05
BAC0237|mexD|tr|Q51396|Q51396_PSEAI	0.000204021411482687	0.000139642019703546	0.000108034899382659	0.000183124485414703	0.000136705693224852	0.000113657737566722	4.3364400044897e-06	2.41322263756348e-05	4.08436997572625e-06	0	2.36334937606701e-05	2.01877573514951e-05	6.44889713952179e-05	8.13406550660292e-05	4.76968241339641e-05	3.65223713840329e-05	2.43671498188524e-05	7.75986202536952e-05	0.000146008134526303	3.33412122327281e-05	4.91490402115295e-05	9.0995811584203e-05	4.95603122566886e-05	4.65340557053022e-05
BAC0238|mexE|tr|Q1IB41|Q1IB41_PSEE4	0	0	0	0	0	0	0	0	0	0	1.44596677272386e-05	0	0	0	0	0	0	0	0	0	0	0	0	0
BAC0239|mexF|tr|Q4KBN7|Q4KBN7_PSEF5	0.000517990405683554	0.000453571006792498	0.000119739614592805	0.000470670003992669	0.000411750689118359	0.000179024888986646	0.000796919273330142	0.000751188452940181	0.0014181111071285	0.000797761237706755	0.000959012703100011	0.00137817974162842	0.00141885232732751	0.00153228899299318	0.000857463232075101	0.00134842444811486	0.00142663464504189	0.00102442254642046	0.00122192489533058	0.00121135912146264	0.000878755931138638	0.00130506341226828	0.000955249167161738	0.00088726947973472
BAC0240|mexI|tr|Q9HWH4|Q9HWH4_PSEAE	0.000367980212195515	0.000397022124160102	6.97602650222772e-05	0.000323051174809864	0.000369391573815749	6.23747920129285e-05	0.000265161596742671	0.000466189419972047	0.000117777058194946	0.00024088323539955	0.00031993558341225	0.000101632853103881	0.000430088572079778	0.000654451844143996	0.000356055884057242	0.000456211291172443	0.000623353622656124	0.000401027763891458	0.0005633311698037	0.000462812394665182	0.000173851643617639	0.000526439373773277	0.000360033296084444	0.000210775322638619
BAC0241|mexJ|tr|Q9HXW3|Q9HXW3_PSEAE	0	0	0	1.24220658826071e-05	1.5226148320648e-05	0	0	0	0	0	0	0	0	0	0	0	0	0	0	0	0	0	0	0
BAC0242|mexK|tr|Q9HXW4|Q9HXW4_PSEAE	0.00158348728842164	0.00226454635464551	0.000530429942076952	0.00174053543481246	0.00247835628872835	0.000451214565004027	0.000955731432387418	0.000476930430153548	0.000361665126536309	0.00095729425204432	0.000708067792629965	0.000293899423151167	0.00155467250330771	0.0022223707067255	0.00148327618811414	0.00134721265709449	0.00241013129289798	0.00148934774428273	0.00105301294613453	0.0009061589265118	0.000514879135301282	0.00117615085190029	0.000638526028164448	0.000423769675379732
BAC0244|mexT|tr|O87785|O87785_PSEAI	0	0	0	0	0	0	0	0	0	0	0	0	0	0	0	1.82660893401615e-05	0	0	0	0	0	0	0	0
BAC0246|mexW|tr|Q9HW27|Q9HW27_PSEAE	0.000392007198653188	0.000173941507550334	7.97380609488533e-05	0.000485427865604619	0.000342513713423245	5.88067143835519e-05	0.000459072967396431	0.00048038101881175	0.000245870933603321	0.000384183529023764	0.000597109388833679	0.0002828751302466	0.000439663349323405	0.00120216433244665	0.000463709669340793	0.000398520852756805	0.00124672559891958	0.000450439061362209	0.000793808939287238	0.000411310284112378	0.00035321460176608	0.000725930555332401	0.000595531966541019	0.000280667279024501
BAC0248|mexY|tr|Q9ZNG8|Q9ZNG8_PSEAI	0.000182508159019484	0.000507047116702159	0.000294463302297294	0.00019186089571485	0.000595517578773595	0.000295229233111708	6.97135144671513e-05	3.15566855101633e-05	3.97291721402862e-05	8.93923322851317e-05	7.13044975139778e-05	4.96981958378393e-05	0.000477811510471353	0.000689927238618256	0.000358868815248124	0.000440515208802836	0.000564376325014839	0.000347487352701857	0.000113324696744449	8.04079321736956e-05	3.47475302743009e-05	8.62323458925327e-05	0.000125691648087348	4.31197428323191e-06
BAC0251|mntH/yfeP|sp|P0A769|MNTH_ECOLI	0	0	9.41791035265327e-06	0	7.29198824730896e-06	7.17271360583385e-05	4.39117177153665e-05	0	2.0890617722586e-05	1.47411557844236e-05	0	0	1.35586550152024e-05	1.30658763789778e-05	0	0	0	4.08470952334915e-05	1.23883324665569e-05	0	2.47317043373023e-05	7.35564010608598e-05	0	6.73502534494378e-05
BAC0253|mntR|sp|P0A9F1|MNTR_ECOLI	0	0	0	0	0	0	0	0	0	0	0	0	0	0	0	0	0	0	0	0	0	0	0	9.29898723335632e-05
BAC0254|mrdH|tr|Q88IN1|Q88IN1_PSEPK	3.68796149751568e-05	3.14194160097257e-05	0	3.22468483035671e-05	2.9803922680407e-05	1.12301080221761e-05	0	0	0	2.95344465141503e-05	0	1.13555996231755e-05	7.22727029739052e-05	0.000494049551611683	2.07479553791621e-05	0.000103987829139067	0.000790101676509733	7.38618780773294e-05	0	1.31389899881102e-05	2.78636609887296e-05	1.11344426725934e-05	7.11519115529836e-05	1.01431598956385e-05
BAC0255|mreA|tr|Q88IN0|Q88IN0_PSEPK	0	0	0	0	0	0	0	0	0	0	0	0	0	0	0	0.000160157071334536	0	0	4.60510644471108e-05	4.04359120450411e-05	0	0	0	0
BAC0258|mtrD|tr|Q5F725|Q5F725_NEIG1	0.000233256388431677	0.000415280390543328	0.000199791038282292	0.000290271925988903	0.000543758438024336	0.000290767809822989	6.37565251322837e-05	1.97530791001789e-05	3.19400028842173e-05	4.07926141638315e-05	1.59569868065333e-05	1.94061448411742e-05	0.000144988372521076	5.85233705627093e-05	0.000199031616383489	8.87838080407863e-05	0.000117367493652102	0.000267234145438045	2.29412686611717e-05	5.07817452112044e-05	3.3276053094188e-05	6.90866372333818e-05	3.07505184276252e-05	1.27732200997559e-05
BAC0259|mtrE|tr|B4RN86|B4RN86_NEIG2	1.75254762128515e-05	1.00939490799064e-05	0	8.33845580547772e-06	0	0	2.66832336158795e-05	0	0	1.24631684701283e-05	0	0	1.1473574081824e-05	1.03743618015524e-05	0	0	0	7.98745159006309e-06	0	0	0	1.05232608034288e-05	1.01073889301125e-05	0
BAC0260|mtrF|tr|B4RN92|B4RN92_NEIG2	0.000154848450837568	0.000556267545217485	0.00038670752710764	0.000132041258230822	0.000550017845829329	0.000358717040735675	0.000262019304554314	0.000183826944977573	0.00021286124897617	0.000156201859307931	0.000184988622832112	0.000148510216276413	6.20281081753794e-05	7.04959186784414e-05	0.000156733091220344	0.000202737827321015	8.25184365085212e-05	0.000157870574448391	0.000269299778735427	0.000355805680096141	0.000194325249344326	0.000302153403566742	0.000349048799646082	0.000217624381825935
BAC0261|mtrR|sp|P39897|MTRR_NEIGO	0	0	0	0	0	0	0	0	0	0	0	0	7.49165101598006e-05	0	0	0	0	0	0	0	0	0	0	0
BAC0263|ncrA|tr|Q06VT3|Q06VT3_9BACT	0.000221637936943636	6.85481471971446e-05	4.31131007254794e-05	0.000158734784200324	7.26038963157062e-05	9.46713703641696e-05	8.2048198180186e-05	2.84262271520567e-05	2.77720950532021e-05	5.15485478510863e-05	3.97064014052496e-05	1.96174850066093e-05	7.46827730608721e-05	0.000138566038605797	0.00012113203865844	0.000275845009909535	0.000174054034447167	4.65865878054369e-05	0.000201092693791038	0.000126362225140754	0.000123283155039926	0.00013722106763221	9.03416363873586e-05	7.62615355116523e-05
BAC0265|ncrC|tr|D5CKG5|D5CKG5_ENTCC	2.57008121109126e-05	0	0	1.23773277242311e-05	7.83035418812092e-06	0	0	0	0	1.64890543537203e-05	0	0	0.000130982612582815	0.000643113555268079	3.07886414450992e-05	4.37142495527949e-05	0.00083983325366593	2.76853529878238e-05	0	1.3173934110419e-05	0	0	7.31782563996266e-05	0
BAC0267|nczA|tr|B8GZE9|B8GZE9_CAUCN	0.00320506481495579	0.00260452646708481	0.00132610606866193	0.00319452514810203	0.00246513835599859	0.00134246024885951	0.00158943800980888	0.00134447396842248	0.00160699119922503	0.00168283790694128	0.0015460446871993	0.00141523718030502	0.0056311988428987	0.00499935356111412	0.00567014745644123	0.00498876426846854	0.00523956848436464	0.00538466224272748	0.00315555336978631	0.00314308770783471	0.00266291111310008	0.00312202997565866	0.00251764178677686	0.00283425302112961
BAC0269|nia|tr|Q92Z60|Q92Z60_RHIME	6.04724990845003e-06	4.70464645716879e-05	8.54707779088353e-06	3.64930574918506e-05	1.37618709860853e-05	9.32590897981761e-06	7.38202734252581e-05	0.000200128874906648	1.40364161100365e-05	4.48153890237969e-05	9.04848756929643e-05	2.13227479833912e-05	8.7036376552851e-05	6.02318913005775e-05	4.69906133343326e-06	4.37837475648026e-05	1.58218107936868e-05	2.82282030464086e-05	0.000179384800778542	0.000109566645278491	3.15532421309169e-05	0.000136979918337247	5.9507988959972e-05	3.71831230717461e-05
BAC0270|nikA|sp|P33590|NIKA_ECOLI	0	0	7.40492188033043e-06	0	0	0	0	0	0	0	0	0	0	0	0	2.11942410664469e-05	0	0	0	0	9.22159558905628e-06	0	0	3.57397981310061e-05
BAC0271|nikB|sp|P33591|NIKB_ECOLI	0	0	0	0	0	0	0	0	0	0	0	0	0	0	0	0	0	0	0	0	1.67270703706227e-05	0	1.83321059125467e-05	0
BAC0272|nikC|sp|P0AFA9|NIKC_ECOLI	0	0	0	0	0	0	0	0	0	0	0	0	0	0	0	0	0	0	0	0	5.57464342358992e-05	0	0	0
BAC0276|nirA|tr|Q6RUG3|Q6RUG3_KLEOX	0.000242086209560209	0.000149388119917831	1.04634042210152e-05	0.000138463726290837	0.000134180776995707	2.0930902457512e-05	7.23395455163087e-05	1.12536055854186e-05	6.52040492553441e-05	3.19874798973799e-05	5.10383406827028e-05	1.15346176176936e-05	0.000138661420551023	4.44562773604726e-05	5.361131796119e-05	0.000151300686085023	9.13647537911535e-05	8.13866425473517e-05	7.95853066688967e-05	0.000102793540451579	0.000112422827905566	9.63431376634136e-05	7.24385955879149e-05	2.53389050576437e-05
BAC0278|nirC|tr|Q6RUG1|Q6RUG1_KLEOX	3.14772161358409e-05	0	0	0	2.8966532597258e-05	2.67539948054044e-05	0	0	1.38762146080863e-05	2.01950633126998e-05	0	0	8.2067583357323e-05	0.000150798088553727	3.59250509475609e-05	0	0.000170287929193466	0	0	0	0	0	0	0
BAC0287|nrsD/nreB|tr|F7UKI9|F7UKI9_SYNYG	0	0	0	0	0	0	9.95641056568549e-06	0	0	0	0	0	0	0	0	0	0	0	0	0	0	0	0	0
BAC0290|opmD/nmpC|sp|P37592|OMPD_SALTY	0	0	0	0	0	0	0	0	0	0	0	0	0	0	0	0	0	0	0	0	2.90182325766604e-05	0	0	0
BAC0291|oprJ|sp|Q51397|OPRJ_PSEAE	5.99054164272425e-05	5.95511116104408e-05	0.000182749143450967	0.000106675679377924	7.22537083484502e-05	7.00027259643721e-05	0	8.36384882757624e-06	0	0	0	0	0	1.12382903301438e-05	0	0	1.26460254417007e-05	0	9.78567951642304e-06	0	0	2.03055178124616e-05	0	1.0234921258647e-05
BAC0292|oprM/oprK|sp|Q51487|OPRM_PSEAE	0	2.49213545879793e-05	7.68035443851839e-06	0	5.82276537818106e-06	8.72938293682553e-06	0	0	8.96275591138751e-06	0	0	0	2.30357355309831e-05	0	0	1.03043341102437e-05	0	2.62925228581271e-05	0	0	0	0	0	0
BAC0293|ruvB|tr|B5L348|B5L348_9PSED	0.0151308646259417	0.0152489248981956	0.0304704500009486	0.0140420092680269	0.0150992897323862	0.033736701301043	0.00826669180625586	0.00561629975615262	0.00641660402092641	0.00829955228622252	0.00538806865618037	0.00602645227011522	0.00838025386702127	0.0089300479714229	0.0121540158576785	0.00732450122049411	0.00957442690699137	0.00993749822352011	0.00878040019273381	0.00775437550067782	0.0114780617572128	0.00841239055307851	0.00861673255701862	0.0132422571953056
BAC0295|oqxB|tr|Q69HW2|Q69HW2_ECOLX	0.000264267289264535	6.0664510722996e-05	6.09003342819343e-05	0.000166797782577829	6.03148821412842e-05	7.76590847154104e-05	5.45913547177452e-05	2.31418865665862e-05	3.27055231185536e-05	0.000125443725926449	5.40914634000657e-05	4.41003374287016e-05	0.000356124859890067	0.000305762412670287	0.000263786935896191	0.000237029125490205	0.000257849055064129	0.000219347096672101	0.000157236712678542	0.000205838047505471	0.000298630776908209	0.00014616329027791	0.000148457234692471	0.000151464747673347
BAC0296|ostA/lptD|sp|P31554|LPTD_ECOLI	0	0	0	0	0	0	0	0	0	0	0	0	0	0	0	0	8.23022579697638e-06	0	0	0	1.99640998561213e-05	0	0	1.80092838963377e-05
BAC0298|pbrA|tr|Q58AJ6|Q58AJ6_RALME	0.0108907268453282	0.00844264690593538	0.0030001214304841	0.00926757242441252	0.00812672322394694	0.00312778270034474	0.00581955598403345	0.00697845898714517	0.0262010924532138	0.00682413271802996	0.009310241708823	0.0299173462846556	0.00605587693447977	0.00673020643129742	0.00510327850521963	0.00611999493739129	0.00642217188747492	0.00502907151274113	0.00632122835766713	0.00331660512624752	0.00170190299743633	0.0061110470396835	0.00254068854559609	0.00216533401518469
BAC0299|pbrB/pbrC|tr|Q58AJ7|Q58AJ7_RALME	0.000200519664163034	0.000195820587865882	0.000147836990085471	7.37531246356418e-05	0.000212986348120896	0.000138129073912093	0.000116540527303421	8.24708608495662e-05	2.42845621062734e-05	9.82537836897547e-05	6.8499088010844e-05	0	0.000536898623333718	0.000262240168235591	0.000117766669746142	0.000389633033308258	0.000247550478720228	9.52283342715258e-05	0.000169919729683806	8.10412483025615e-05	2.87556094661901e-05	0.000167015122928161	7.36418104886918e-05	2.73884205748153e-05
BAC0301|pbrR|tr|D8IQ72|D8IQ72_HERSS	3.02395405626085e-05	0.000178885483232516	4.29406483225775e-05	2.97594742234846e-05	0.000368527363367998	4.96760084991618e-05	0	2.67085572560601e-05	0	0	0	0	0.000148964423100357	0.000723494159557863	4.90177361817831e-05	0.000242106054550236	0.001325615035033	0.000366074194106998	6.11090315520391e-05	0.00012737312294188	0	6.55248372693497e-05	0	0
BAC0302|pbrT|tr|Q5GR69|Q5GR69_ALCXX	0.000107528801068903	0.000122978973350539	9.64501653372868e-05	9.64846175432126e-05	0.000130186296841956	9.28737063661277e-05	7.0327027011588e-06	0	3.33955130577636e-05	9.84108640793466e-06	0	1.33133094124382e-05	0.000192900965773786	0.000109029968300717	0.000149859188377437	0.000408445994169868	7.08583249568252e-05	0.000166885550010412	1.60378140166336e-05	2.87223343494538e-05	0	2.38892635877837e-05	3.47204266267472e-05	0
BAC0308|pcoR|sp|Q47456|PCOR_ECOLX	0.00528726557143646	0.00641352163036453	0.0155893919968415	0.00448199198729237	0.00553721580189397	0.0159181533871836	0.000314896265028933	0.000134493360172638	0.000263508989615993	0.000171876875759314	0.000374434879092336	0.000183242093323299	0.000445924744968109	0.000288212420019824	0.00131831498622961	0.000345458626996866	0.000332122386143472	0.00105171674270559	0.000755873982391473	0.000430302515346566	0.000567062488281253	0.000488808762538913	0.000346395686234245	0.000323653571065255
BAC0312|pitA|sp|P0AFJ7|PITA_ECOLI	0	2.22843856055238e-05	0	0	0	0	0	1.72789960465493e-05	0	2.5356363490241e-05	1.22222510137201e-05	0	0	1.07878578519817e-05	7.83765448691795e-06	0	0	0	0	0	3.13664414573128e-05	0	0	9.62820989425671e-06
BAC0313|pmpM|sp|Q9I3Y3|PMPM_PSEAE	0	0	0	0	6.17235466401146e-06	0	0	0	0	0	0	8.60864543375035e-06	0	0	0	0	0	0	0	0	0	0	0	0
BAC0315|pstA|sp|P07654|PSTA_ECOLI	0.000360449282705006	0.000521041537172868	7.86522783505367e-05	0.000204393168635276	0.000453892764665198	0.000140457540923037	0.000198641182502959	0.000145057124639075	1.43918847455489e-05	0.0002539114282665	0.000231370274134373	0	0.000355105138492475	0.000463022877009512	0.000182072420729848	0.000388702381158636	0.000389712313413584	0.000169685024967939	0.000153781365872089	0.000213791224157059	0.000137340549817387	0.000134895938212871	0.000243475139634718	0.000144757055582688
BAC0316|pstB|sp|P0AAH0|PSTB_ECOLI	0.00450753835048458	0.00782118410494462	0.00413684460657713	0.00440072629008927	0.00701416179267678	0.00593812368133441	0.00903719399975125	0.00944163991343796	0.0184783708769075	0.00881217593407783	0.011490321868444	0.0204102552049894	0.00853872046054984	0.0108094310491196	0.00926128421811912	0.00790325497388582	0.0116399090695665	0.00914594792587016	0.00523125842484636	0.00576919768448072	0.00570027837696912	0.00462832903328857	0.0051663184226982	0.00531876520239661
BAC0317|pstC|sp|P0AGH8|PSTC_ECOLI	0.00208898884205508	0.00302285093880583	0.000864586608028329	0.00125643614910063	0.00281933227556845	0.000959296245632503	0.00126477040290374	0.000917890515485288	0.00029161267587552	0.000969785519062258	0.00107264540673943	0.000266761785581908	0.00450116813291456	0.00454141355566624	0.00632182655692022	0.00457878523689958	0.00460273442689839	0.00677799349872746	0.001945793240695	0.00179204610199614	0.00101226147311965	0.00118365791462266	0.00144610777397833	0.00105365915521966
BAC0318|pstS|sp|P0AG82|PSTS_ECOLI	0	0.00010305268230275	0	2.74500131196821e-05	0	0	2.56104202412141e-05	1.00685689580523e-05	0	8.99593943318222e-05	3.67226833805776e-05	2.47460176759374e-05	5.89786298254776e-05	3.01829296884086e-05	0	4.5257667831022e-05	0	1.22850419905507e-05	0	0	0	0	0	4.16573127505847e-05
BAC0322|qacE|sp|P0AGC9|QACE_ECOLX	0.0030702695581107	0.00578191285484949	0.0014998655805115	0.00280527654986755	0.00664168608378185	0.00166963733111594	0.00100275951298625	0.00130164628840799	0.000410192746224528	0.000741915670104685	0.00097374534937092	0.000361388271124566	0.00237645238058292	0.00374177241881725	0.00135604675384904	0.0020475024129603	0.00430246276572118	0.000854067971171648	0.00326882815471548	0.000728765414811764	0.000374345752323493	0.0036401653204606	0.000615398796153695	0.000260279630291717
BAC0323|qacEdelta1|tr|Q7BQY4|Q7BQY4_PSEAI	7.88857579894135e-05	4.83474279006799e-05	5.39851000388612e-05	4.04684802113991e-05	7.68055610800034e-05	3.60789192162885e-05	0	0	0	4.9511055841162e-05	0	0	0.000522432903552939	0.000641295935943499	0.000193168877090098	0.000189281159520727	0.000659563138651603	0.000109377206151895	0.000326981626338233	0.000166138856011147	0.000180861812014323	0.000640113559737261	0.000185202092601711	0.00016796484777908
BAC0324|qacF|sp|Q9X2N9|QACF_ENTAE	0.045682921737483	0.0473123534215335	0.0547331004079223	0.0411509634862073	0.0490602052483648	0.0605149235354304	0.00431648111698851	0.00348610012643575	0.000848838168487753	0.00361985831599913	0.00432814214008641	0.000926107086002735	0.00320556790804317	0.00422625511494975	0.00327954254260711	0.00354173494312856	0.0037841081809807	0.00296045352149434	0.00368642758004269	0.00372653689415095	0.00732934604357859	0.00426469892568409	0.00429941880033908	0.00707300981631773
BAC0330|rcnA/yohM|sp|P76425|RCNA_ECOLI	0	0	0	0	1.0087427829416e-05	0	0	0	0	0	0	0	0	0	1.14189477050279e-05	0	2.21074678342139e-05	0	1.63467673154716e-05	1.84470401665334e-05	0	0	4.07561519623611e-05	0
BAC0331|rcnB/yohN|sp|P64534|RCNB_ECOLI	0	0	0	0	0	0	0	0	0	0	0	0	0	4.80637595369541e-05	0	0	0	0	0	0	0	0	0	0
BAC0334|robA|sp|P0ACI0|ROB_ECOLI	0	0	0	0	0	0	0	0	0	0	0	0	0	0	0	0	0	0	0	0	1.81740487763859e-05	0	0	1.6285211735558e-05
BAC0335|rpoS|sp|P35540|RPOS_SHIFL	0.0155832241094921	0.0169582266045567	0.0187257441691047	0.0134455837262914	0.0159368055995607	0.0209429535831694	0.0111123096044401	0.0102276355666413	0.0221591021693586	0.0110240616779586	0.012563586694335	0.0247920296590818	0.00706268243474885	0.00796770128279317	0.0114613327627367	0.00796082668944375	0.00803030613034437	0.00872258646334799	0.00685488036268406	0.0056080321349134	0.00662744775797204	0.00603281468135656	0.00572383676218462	0.00612073103197417
BAC0337|sdeB|tr|Q84GI9|Q84GI9_SERMA	0.000280093414828696	0.000105514682667673	7.14516259587888e-05	0.000223699516658883	7.68434875342204e-05	4.16500787592282e-05	6.72665922759476e-05	4.71650428684006e-05	8.22056781442734e-06	6.42913381377966e-05	7.35421715425597e-05	4.00543692924359e-05	0.000395364174812436	0.000259748124892431	0.000374289548056351	0.000429381154026513	0.000283616568056263	0.000445170956725128	0.000311096544776026	0.000249683067212217	0.000179390880082511	0.000243488605540653	0.000110837278062884	0.000162668383770455
BAC0338|sdeX|tr|Q7WSD6|Q7WSD6_SERMA	0	0	0	0	2.26278002731761e-05	0	0	4.43221992301031e-05	0	0	3.16842938439854e-05	0	0	0	0	0	0	0	0	0	0	0	0	0
BAC0339|sdeY|tr|Q7WSD5|Q7WSD5_SERMA	0.000537038628367511	0.000560066541094936	0.000137929105498908	0.000582694565843155	0.000492865138728465	0.000168141536855188	0.000233000098471492	9.33910065804195e-05	4.855664689234e-05	0.000253417672962243	0.000142776814643881	4.42246350962654e-05	0.00025143658086562	0.000361812640393272	0.000233617437103393	0.000197811841111585	0.000350822184304987	0.000192065929015243	0.000247870569011628	0.000116864017922752	0.000122836856678317	0.00016862436565361	0.000101214155681116	5.48560617001039e-05
BAC0341|silA|sp|Q9ZHC9|SILA_SALTM	0.00278038424211256	0.00201370727849683	0.000707614334884376	0.002728505635191	0.0020248058980933	0.000570586786554065	0.00315331659365734	0.00307194392726393	0.00669511195827201	0.00342229950637111	0.00393923874216172	0.00707435502520705	0.00253113622402665	0.00294634514950806	0.00315909437677159	0.00256916590207469	0.00272062364818523	0.00319169323888692	0.0016682996203824	0.00141689673671185	0.00142263158908126	0.00164281020921008	0.00113192217685849	0.00122217011252705
BAC0342|silB|sp|Q9ZHD0|SILB_SALTM	0	0	0	0	0	0	0	0	0	0	0	0	2.01494354929292e-05	4.85734589404158e-05	7.74921658093998e-05	6.97339820018815e-05	3.55239513469492e-05	3.95406932905167e-05	0	1.88074009511819e-05	2.39407167183629e-05	0	0	6.72672348117731e-05
BAC0343|silC|sp|Q9ZHD2|SILC_SALTM	0	0	0	0	0	0	0	0	0	0	0	0	0	0	0	0	0	0	0	0	4.35223131630251e-05	0	0	5.2534674137714e-05
BAC0346|silP|sp|Q9ZHC7|SILP_SALTM	0.00191434385703375	0.0017062417516405	0.000844315663115365	0.00182081600253713	0.00169451222890966	0.000810886576842907	0.00310540979210559	0.0036449105515588	0.00463159766053576	0.00312067196882126	0.00360271985410583	0.0048872336869303	0.00661482505032493	0.00734903282811987	0.00614253190104863	0.00624484609174904	0.00720152747745916	0.0056909057397857	0.00521675208397827	0.00669278138866861	0.00430879832420866	0.00579082707405816	0.00531296377044742	0.00487075605025766
BAC0347|silR|sp|Q9ZHD3|SILR_SALTM	0	0	0	0	2.16098711357093e-05	1.41125024145346e-05	0	1.45155202478588e-05	0.000159387675957508	0	0	0.000160175753868397	0	0	1.71534631095266e-05	0	2.77228658424468e-05	0	0	0	4.51513517056844e-05	0	0	0.000171158408648333
BAC0348|silS|sp|Q9ZHD4|SILS_SALTM	8.92821707626662e-06	0	0	1.71990625462153e-05	1.08807615376345e-05	0	0	0	0	0	0	0	0.000139923671762028	9.74814277932591e-06	2.18763602763427e-05	0.000197982356830441	1.19230635288189e-05	3.17666679353246e-05	0	0	4.22720329688172e-05	8.24004492823814e-06	0	6.78659712400332e-05
BAC0349|sitA|tr|Q9XCS2|Q9XCS2_SALTI	0.000103133429502553	0.000240944558718143	2.28994174345169e-05	8.7192041673272e-05	0.000177893910791858	0	9.68437749012031e-05	0.000117075999376172	0.00012000395513224	7.75763392250774e-05	0.000137058686555563	5.24211558114756e-05	8.9707581659633e-05	0.000152492914192524	3.69300000532443e-05	3.20429129198688e-05	6.38989334007871e-05	7.84993221766231e-05	0.000110310453751725	0.000165720951004267	0.000349234904768839	8.15703660678892e-05	0.000254408758485753	0.000331121514844505
BAC0350|sitB|tr|Q9XCS1|Q9XCS1_SALTM	0.00015567656453039	0.000408208136670576	0.000123369795922141	0.000203870141395394	0.000427424832573252	0.000148879146351134	9.53472193137876e-05	0.00013909377644102	0.000135662637278518	0.000106598895156592	0.000179187862751896	1.56815423367662e-05	0.000243875373095449	0.00012895876404992	5.61577992262654e-05	0.000277441155363883	0.000248896498827242	0.000153476238870962	0.000479226671012495	0.000773540478590577	0.000644128231599461	0.000462034108950543	0.000844676289879043	0.00078440436526271
BAC0351|sitC|tr|Q9XCS0|Q9XCS0_SALTM	0.000131706116922884	0.000267094182108651	4.04298378131943e-05	1.6272290994094e-05	0.000356103991092709	5.62526320019911e-05	0.000154916178382169	7.21715727008921e-05	0.000103353737747399	0.000130509912153179	6.53073119616413e-05	5.98749798312891e-05	0.000216048373020891	0.000166011553220226	5.41521635396131e-05	0.000134744981280766	0.000226072216297365	8.91739411621794e-05	0.000304112611327595	0.000559881859085185	0.000344154209112159	0.00035690702992538	0.000372749401647254	0.000465911508912597
BAC0352|sitD|tr|Q9XCR9|Q9XCR9_SALTM	0	0	1.23835502083824e-05	1.68399016656206e-05	0	0	0	0	0	0	0	0	0	3.81783054477933e-05	0	3.93822068043198e-05	4.57623902470176e-05	1.50731366267041e-05	0	4.91109924660518e-05	3.61328446346402e-05	5.19173965509586e-05	7.59339229586083e-05	0.000135949515433386
BAC0353|smdA|tr|A7VN01|A7VN01_SERMA	0	0	1.8777177879422e-05	8.03528302826564e-06	1.9113646080662e-05	1.37543170740642e-05	2.46769327014011e-05	0	0	8.5636720011034e-06	9.67465617995929e-06	0	0	7.46899437542109e-06	0	0	2.09446016897673e-05	7.04547730857648e-06	0	0	1.75965383939485e-05	0	0	2.22314265958551e-05
BAC0354|smdB|tr|A7VN02|A7VN02_SERMA	0	0	0	0	0	0	0	0	0	0	0	0	0	0	0	0	0	0	0	0	8.69468597035139e-06	0	0	2.45126364144597e-05
BAC0355|ruvB|sp|Q51426|RUVB_PSEAE	0.0326143305687481	0.0333401527842082	0.0358753419647098	0.0263623359833515	0.0336372258441719	0.0405667891139438	0.0176660318071053	0.0188737227277315	0.0292768651006846	0.0190888719287351	0.0208325049481924	0.0331879032419896	0.0146860326533925	0.0184549980550774	0.0262236296246927	0.0170047826601518	0.0180212016859976	0.0218490184060873	0.0145260208265746	0.0135497639644679	0.0154677253576841	0.0133990264492504	0.0109418403089508	0.0135142621395901
BAC0356|recG|tr|Q9HTL3|Q9HTL3_PSEAE	0.00233831771059068	0.00321027620933856	0.00230295085131407	0.00239545578455626	0.00346490039202588	0.00246157987122869	0.00290751623268983	0.00384155028915618	0.00698957212220239	0.00329559408420524	0.00419134107615055	0.00794384075572452	0.00090245805512451	0.000985948384346823	0.00188055774360616	0.000847800314497335	0.000993630038910213	0.00165975093459188	0.000700952991506829	0.000736741147101401	0.000984179184484377	0.000695045702854829	0.000411853177023619	0.000963903555215193
BAC0357|recG|tr|B5L350|B5L350_9PSED	0.0196367384431019	0.0211814420504613	0.0229860812910257	0.0188298080765944	0.0213285981882346	0.0249688162911926	0.0114362565463459	0.0138120758050779	0.0264282600323669	0.0130648532850834	0.0141819048465273	0.0268327991034573	0.00917727249457558	0.00845015118439644	0.0159307642590795	0.00986777235391915	0.010258659908785	0.0141581830358462	0.00762661012223985	0.00552105722153446	0.0087800949944411	0.00713396415382443	0.00433713653136969	0.0053299270972979
BAC0358|oscA|tr|B6CM35|B6CM35_9PSED	0	0	0	7.91475378284166e-05	0	0	0	0	0	0	0.000105883737080666	0	9.12027080206269e-05	0	0	0	0	0	0	0	0	0	0	0
BAC0358|smeD|tr|I0KSX9|I0KSX9_STEMA	0.000261284046132448	0.000203697285063778	2.77718400104738e-05	9.08790510496844e-05	0.000199168258893707	4.12629512221926e-05	4.61521114763546e-05	0	0	0.000107581129513862	1.58019384272668e-05	0	1.44674346479421e-05	2.70523332865862e-05	6.67052031418584e-05	0	6.61760287432009e-05	0	2.64373405999246e-05	1.25720792525826e-05	1.33307109045064e-05	5.19708417428218e-05	1.43176538868245e-05	0
BAC0359|smeE|tr|I0KSX8|I0KSX8_STEMA	0.00330675444187354	0.00251243917393485	0.00391107126015913	0.00344100008981182	0.00233665144503376	0.00380996856050854	0.0009981281647367	0.000456736427491279	0.000510263482890539	0.00102232395847922	0.000575193039433585	0.000371148503806248	0.000781580899263305	0.000971760484742683	0.00115878108840947	0.000736825942306206	0.000741353416019949	0.00106465799616791	0.000400927862712215	0.000320571245010927	0.00013403465822866	0.000379996802673813	0.000251062420958307	8.71141386421567e-05
BAC0360|smeF|tr|Q9F239|Q9F239_STEMA	0.000853608228887591	0.00113502330736789	0.00237040638692629	0.000784477784810924	0.00112358209707574	0.00254461137956836	2.65424160421954e-05	0	0	2.30791879278664e-05	1.0361155388151e-05	2.47481851470485e-05	0.000206722876280659	0.000481248190769667	0.000432055244721634	0.000306958103575919	0.000344468506318084	0.000449560227594126	5.65520812378044e-05	7.57088696551468e-05	4.59858034189103e-05	3.86680906632428e-05	9.33851637327035e-05	3.49278767794018e-05
BAC0362|smeT|tr|Q5MXJ5|Q5MXJ5_STEMA	0	0	0	0	2.68877915500773e-05	0	0	0	0	0	0	0	0	0	0	0	0	0	0	0	0	0	0	0
BAC0363|smfY|tr|Q2AAU2|Q2AAU2_SERMA	2.91796808889412e-05	0	0	0	3.59289654392714e-05	0	0	0	0	0	0	0	0	0	0	0	0	0	1.04163121963703e-05	0	0	0	0	0
BAC0364|smrA|tr|C7SLZ1|C7SLZ1_STEMA	0.00539785498111167	0.00585558684147907	0.00186846524367083	0.0046417306185064	0.00642811668015829	0.00178608755968344	0.00234301407901598	0.00162792749376478	0.000903022636244504	0.00264630731506294	0.00183217052726859	0.0010836570078405	0.00330011766030375	0.00382661906551864	0.00344987750497391	0.00340201062966289	0.00379680554274677	0.00374379194859018	0.00381015039405919	0.0038642811355175	0.00358275749197026	0.00394626017898809	0.00291796277073311	0.0031065949113591
BAC0368|sodA|sp|P00448|SODM_ECOLI	0.000532287396142159	0.000346763712248809	0.00064644536660612	0.000363310251313353	0.000379183388860066	0.000387203221587134	0.000707964428472236	0.000692094368322664	0.000881626271161255	0.000551564912267184	0.000672310330589857	0.000666291551616732	2.15831651262406e-05	0	3.07563258938579e-05	9.21887755591217e-05	7.79873823092131e-05	3.53727422640545e-05	0.000283161884949872	0.000264011173303788	0.000408455570601631	0.000177429967423831	0.000347612324424046	0.000508815695671017
BAC0370|soxR|sp|P0ACS2|SOXR_ECOLI	0	0	0	0	3.6675859849582e-05	2.2543348012828e-05	0	0	0	0	0	0	0	0	0	0	0	0	0	0	0	0	0	5.73022669428928e-05
BAC0372|srpA|sp|O31099|SRPA_PSEPU	5.00780008178868e-05	1.45548539491576e-05	7.67909783602518e-05	3.63001272972214e-05	7.70736433176299e-06	1.06397923962983e-05	0	0	0	0	0	0	0	0	0	0	0	0	0	0	1.2649518556716e-05	0	0	0
BAC0378|sugE|sp|P69937|SUGE_ECOLI	0	0	0	0	0	0	0	0	0	0	0	0	0	0	3.57576190991731e-05	0	0	8.17904428268852e-05	4.86094569163948e-05	0	0	0	0	0
BAC0379|tbtA|tr|Q71UZ7|Q71UZ7_PSEST	0	0	0	0	7.70736433176299e-06	0	0	0	0	0	0	0	0	0	0	0	0	0	0	0	0	0	0	0
BAC0380|tbtB|tr|Q71UZ6|Q71UZ6_PSEST	2.30963321073211e-05	9.04780976248384e-05	2.89344136800063e-05	2.65136685038979e-05	5.64670377095055e-05	2.40425232339394e-05	1.31484982982349e-05	0	0	1.16125357231024e-05	0	8.0185324377018e-06	1.60215082206407e-05	5.14640637489375e-06	2.57242909867378e-05	2.580023999496e-05	0	0	1.44394385131328e-05	0	0	0	5.50313695653887e-06	4.59318999735573e-06
BAC0381|tbtM|tr|Q71UZ5|Q71UZ5_PSEST	9.94358293984204e-06	0	0	0	0	0	3.80076212158215e-05	8.78249964576328e-06	3.54330127606072e-05	2.63157502685168e-05	0	0	0	0	7.88771009540583e-06	0	0	2.64251653518234e-05	0	0	1.08135590219496e-05	0	0	0
BAC0382|tbtR|tr|Q71UZ4|Q71UZ4_PSEST	0	0	0	0	1.13676184352643e-05	0	0	0	0	0	0	0	0	0	0	0	0	0	0	0	0	0	0	0
BAC0385|tehB|sp|P25397|TEHB_ECOLI	0	0	0	0	0	0	0	0	0	0	0	0	0	0	0	0	0	0	0	0	0	0	0	2.48859252938677e-05
BAC0388|terC|sp|P18780|TERC_ALCSP	0	0	0	0	0	0	0	0	0	0	0	0	1.54860089485891e-05	0	0	0	0	0	0	0	0	0	0	0
BAC0389|terD|sp|P18781|TERD_ALCSP	0.000126854050933497	0.00225684282583252	0.000139443935158972	0.000315106134979384	0.00196812889624774	4.41015700454206e-05	0	2.26805003872793e-05	0	0	3.3088667837708e-05	0	2.96883815171311e-05	0	0	2.89213081219223e-05	0	0	0.000133459000015995	0.000129521280769272	0.000108328689487745	0.000181835689362372	8.93422820025427e-05	0.000100093265359044
BAC0390|terE|sp|P18782|TERE_ALCSP	0.000468255121049725	0.00161495596861957	7.39468680506128e-05	0.000180008850432797	0.000989059324859709	3.94558968029397e-05	2.223033641793e-05	0	0	3.04727731704185e-05	0	0	2.50688071784446e-05	0	0.000132686976631094	0	0	0.000105368617444758	9.98002686877364e-05	5.18680547174612e-05	0.000129795059973259	5.09232619485293e-05	8.86045387132283e-05	4.87685960078255e-05
BAC0393|tolC|sp|P02930|TOLC_ECOLI	0	0	0	0	0	0	0	0	0	0	0	0	0	0	0	0	0	0	0	0	3.15351080837152e-05	0	0	2.94350522461666e-05
BAC0395|trgB|tr|O07841|O07841_RHOSH	2.62224126280599e-05	4.75438695422199e-05	0	7.70866324112778e-05	9.58712639858938e-05	0	0	0	0	0	0	0	0.000138004097662791	0	0	0.000136899532738894	1.82387275279255e-05	3.50834519302765e-05	5.53997767784792e-05	9.57692653698343e-05	2.90986154923852e-05	3.91379308482092e-05	0.000137768061098345	1.35804079858502e-05
BAC0399|troA|sp|P96116|TROA_TREPA	1.34464360209228e-05	0	0	1.29514152810136e-05	3.14085821052271e-05	2.19935102564176e-05	8.45123080281299e-05	0	5.78650653564742e-05	5.09399463416284e-05	0	2.35441338330761e-05	7.95802850017645e-05	0	0	0	0	0	5.47870966172724e-05	1.31285428717666e-05	7.50328585196505e-05	1.49584906509778e-05	6.01793040456419e-05	7.00361040413134e-05
BAC0400|troB|sp|P96117|TROB_TREPA	0.000624635818666174	0.00105873596812579	0.000490127881931766	0.000655198790594637	0.000758754952733597	0.00033328849687258	0.0015806230659759	0.000719009378893936	0.000522286068722005	0.00133806006761376	0.00108383548617758	0.000542933399475997	0.00113531942456128	0.0009050152953653	0.00049166726261363	0.00120410060930344	0.000797527444146102	0.000572663547065432	0.00190313072459999	0.00193856755020446	0.00153027540401919	0.0018063208488314	0.00143214546450299	0.00121236182206252
BAC0404|ttgA|sp|Q9WWZ9|TTGA_PSEPT	0	1.44790474181724e-05	0	0	0	0	0	0	0	0	0	0	0	0	0	0	0	0	0	1.31627317854952e-05	0	0	0	0
BAC0405|ttgB|sp|O52248|TTGB_PSEPT	0.00062188272548321	0.000390923488454069	0.000135399772335563	0.000537208259614818	0.000390558890525868	0.00013878638088808	0.00012465465537804	5.73985143515329e-05	3.22915291550276e-05	0.000148580320910001	7.74463905504297e-05	4.02727609726257e-05	0.000178279579249844	0.000295816418696774	0.000179607540933555	0.000139298241084605	0.000244555280824441	0.000210424502909168	0.000319830385915218	0.000123425807718435	1.4606396458492e-05	0.000327819200743383	6.99525226985201e-05	5.54685944007202e-05
BAC0407|ttgD|sp|Q9KWV5|TTGD_PSEPT	0	1.55040835545374e-05	0	0	7.70736433176299e-06	0	0	0	0	0	0	0	0	0	0	0	0	0	0	0	0	0	0	0
BAC0408|ttgE|sp|Q9KWV4|TTGE_PSEPT	1.35749870345071e-05	8.31982506895065e-05	7.12231721354e-06	1.7706045747466e-05	3.30300576632408e-05	4.04756283399654e-06	5.1535053732679e-05	1.24061903456843e-05	0	3.56843545657833e-05	2.89105117688701e-05	1.20277986565527e-05	2.13620109608543e-05	2.02768411170814e-05	2.13870558785088e-05	1.58199002438232e-05	1.86320981713576e-05	1.62547783125451e-05	1.22486271525196e-05	3.86576596988921e-06	2.48053178547755e-05	0	4.95282326088499e-06	8.90516428058765e-06
BAC0409|ttgF|sp|Q9KWV3|TTGF_PSEPT	0	2.36700949097079e-05	3.91251389083726e-05	3.799081815764e-05	4.76932491315242e-05	7.69131381592136e-05	1.8268544126057e-05	0	0	0	1.32354671350832e-05	0	0	1.09905796807835e-05	1.49921267577262e-05	0	0	8.85546776818864e-06	0	8.84535575985275e-06	0	0	0	0
BAC0410|ttgG|sp|Q93PU5|TTGG_PSEPT	0	1.42198317354941e-05	2.79849231819096e-05	0	1.39842057988802e-05	2.07897733779333e-05	0	0	0	0	1.4948292293741e-05	0	0	0	9.20232844464013e-06	0	0	0	0	0	0	0	0	0
BAC0411|ttgH|sp|Q93PU4|TTGH_PSEPT	0.000117313424655372	0.000255563858636101	3.95045876237663e-05	9.48865048360502e-05	0.00019091189882272	2.34894463448784e-05	0.000117030139682653	0.00011058916856138	1.22659031328769e-05	0.000171639375767968	0.000125243604356234	1.65742135470029e-05	3.19513776907344e-05	7.12278341523045e-05	5.16742761707843e-05	4.69004915847135e-05	6.79130929443542e-05	7.29373131717349e-05	1.45967387308526e-05	4.26909176261993e-05	4.90681991844426e-06	9.66241493336752e-06	3.24854004182219e-05	2.33676228927166e-05
BAC0412|ttgI|sp|Q93PU3|TTGI_PSEPT	9.23131210514413e-06	3.72892396042478e-05	1.3374234225053e-05	1.73787785189204e-05	3.29833694781257e-05	8.82782065930462e-06	9.42681425900009e-06	0	0	1.29220344323033e-05	0	8.92274992535754e-06	0	2.2906983268676e-05	1.66425088892428e-05	1.18146620412959e-05	1.40088949735768e-05	0	1.08595595238754e-05	0	2.21267110443054e-05	0	0	1.9401490949317e-05
BAC0417|vcaM|tr|Q9KKV4|Q9KKV4_VIBCH	0.00215103875228403	0.00250816927053406	0.000677997039906473	0.00204960157087946	0.00273638750439275	0.000543616328872638	0.00152741866834346	0.00107072480535902	0.000573879903623772	0.00141450002650859	0.00123057771334137	0.000521106373871749	0.00173657175671747	0.00194958411091336	0.00156351128220844	0.00189767139880678	0.00173273509832304	0.00206610258240989	0.00244976854531113	0.00136479368723913	0.000981560702986627	0.00252896496831673	0.00107555975788591	0.00139345823934088
BAC0418|vceA|tr|O51918|O51918_VIBCL	0	0	0	1.20224108093797e-05	7.60582065288934e-06	0	0	0	0	0	0	0	0	2.42582053197144e-05	8.11901636191667e-06	0	1.33350493925693e-05	0	0	0	0	2.59196349957871e-05	2.82713560447771e-05	2.45746937218381e-05
BAC0419|vceB|tr|O51919|O51919_VIBCL	3.82078769126807e-05	5.7477617318323e-05	2.99176233214383e-05	5.5387787724935e-05	5.8322206744191e-05	3.31409058658347e-05	8.8510898721776e-06	2.55654955441739e-05	5.01896791397952e-05	2.47609107272608e-05	1.21838820750355e-05	5.09507646178073e-05	3.30185929233189e-05	3.13928774619448e-05	1.5001055957701e-05	4.21628526389574e-05	1.26271957433062e-05	1.69760155306943e-05	5.97256257052152e-05	4.84677027937137e-05	0	4.84864561496533e-05	3.37942148133444e-05	0
BAC0424|vexB|tr|Q9KVI2|Q9KVI2_VIBCH	0	0	0	4.4004808676803e-06	8.5837118796894e-06	0	4.00935331358293e-06	8.40667195821936e-06	4.19588476546616e-06	1.14803627980043e-05	6.13226276528951e-06	8.433261874433e-06	1.10041877438015e-05	9.04118287505948e-06	2.26505188550505e-05	2.12253368641506e-05	3.68612429517089e-05	2.49524487739678e-05	9.75272473984478e-06	0	0	0	5.55625603913095e-06	1.40072208082627e-05
BAC0425|vexD|tr|Q9KR85|Q9KR85_VIBCH	0.000748482979348372	0.000252444000997152	3.74269240549929e-05	0.000767388352008038	0.000239929954400885	2.47524402585636e-05	2.22584002198954e-05	0	0	3.41227771118769e-05	6.00285753528183e-06	0	0.000100875042458838	0.000202291659430651	0	0.000101438641652197	0.000181453797098692	3.27864337745567e-05	0.000391636934942269	4.11920954395842e-05	0	0.00028054433279692	2.71950295584551e-05	0
BAC0427|vexF|tr|A6P7H3|A6P7H3_VIBCL	9.01605751803932e-06	5.81658179748315e-06	3.51046036706021e-06	8.95837386777843e-06	8.21194380020333e-06	0	3.83786567041101e-05	0.000101091727154481	8.36753920504897e-06	2.39904388852855e-05	0.000124003206236529	1.57246649610939e-05	0	2.90140423306811e-05	7.52837264479703e-06	1.03682472081363e-05	2.43342191032834e-05	1.2022744242643e-05	0.000112083128349779	8.8927872014359e-05	6.98621629758517e-05	0.000127313056051492	0.000128311331955206	5.24697818919715e-05
BAC0430|vmeB|tr|Q2AAU3|Q2AAU3_VIBPH	0.000321854641749305	0.000215910522035088	0.000147100425723174	0.000353931553776304	0.000175578889056629	0.000182779019875995	4.67218906303837e-05	3.67230255843264e-05	1.20541832114976e-05	0.000106461569687791	4.56114559732098e-05	3.98261392679776e-06	0.000115735630192367	0.000109809943156337	0.000321421689486839	0.000138795911980672	0.000203465563102459	0.000172588685150115	1.46402108742906e-05	3.79206677535405e-05	1.476430036588e-05	1.91541918062409e-05	2.14288912874031e-05	9.12531194156524e-06
BAC0432|ybtP|tr|Q9R7V3|Q9R7V3_YERPE	7.2311944823629e-06	2.71954281941325e-05	5.82026859793972e-06	1.39299666578013e-05	4.36624810946867e-05	0	1.44609949292578e-05	0	0	9.91137988227705e-06	0	0	1.71005077538675e-05	8.07471160220829e-06	1.85120173878011e-05	8.69952948307424e-06	1.88746511610658e-05	0	0	3.13378318349069e-05	0	0	9.01817396857881e-06	0
BAC0433|ybtQ|tr|Q9Z375|Q9Z375_YERPE	0	0	0	0	0	0	1.53840371587849e-05	0	0	0	0	0	0	0	0	0	0	0	0	0	0	0	0	0
BAC0434|ychH|sp|P0AB49|YCHH_ECOLI	0	0	0	0	0	0	0	0	0	0	0	0	0	0	0	0	0	0	0	0	0	0	0	5.22225732308054e-05
BAC0435|yddg/emrE|sp|D0ZXP9|YDDG_SALT1	0	0	0	0	0	0	0	0	0	0	0	0	0	0	0	0	0	0	0	0	1.72089013396605e-05	0	0	3.1121845550099e-05
BAC0438|ydeP|sp|P77561|YDEP_ECOLI	0.000116405861591756	0.000207658254224264	3.47631326007818e-05	8.29641384667829e-05	0.000214219592127901	3.63689785544528e-05	1.78771024691018e-05	1.09009835853485e-05	0	1.63369813886662e-05	0	5.64039665077361e-06	3.9653351313316e-05	8.17045917061392e-05	2.41151927225154e-05	2.78010361077135e-05	3.26172848449341e-05	3.76019862319473e-05	2.64868017641564e-05	5.90023354280409e-05	7.36290817199416e-05	3.89836091296979e-05	2.91226877801216e-05	2.53200355058451e-05
BAC0439|yfeA|sp|Q56952|YFEA_YERPE	0.000186117121944476	0.000453937265176802	0.000148469874202535	0.000302033112201816	0.000562412530457977	9.36598230983904e-05	0.000316090023937734	0.000326249152837726	0.000425748197281411	0.000237596463757945	0.000279451354970451	0.000405098106538841	7.22143628619915e-05	0.000186592478181791	4.67809687169648e-05	0.000136768959103131	0.000142692532145648	5.52282732914659e-05	0.00104364079755273	0.00160801010359179	0.00165506562522445	0.00082169410080535	0.00123084470598035	0.00136072718668563
BAC0440|yfeB|sp|Q56953|YFEB_YERPE	3.19807126984109e-05	0.000158435827917769	3.82774421305945e-05	7.82918887708121e-05	0.000110225300184795	4.17653787673389e-05	9.19923843616528e-05	2.7363717224004e-05	0.000144506271322655	6.41190475420453e-05	2.14629196785133e-05	4.42746248407733e-05	0.000189492112948262	0.000144399121895346	5.15299303952399e-05	5.51537162454821e-05	0.000218434641422454	2.81343046578966e-05	0.000118239219526366	0.00038318490975115	6.60086363463412e-05	0.000236240835383054	0.000281979993985896	0.000175563477022482
BAC0441|yfeC|sp|Q56954|YFEC_YERPE	0.000197214394973534	0.000527052742930881	0.000138049908241382	0.000394768535617653	0.000506847749086422	6.76824095390945e-05	0.000488521669776924	0.000360814360446775	0.000471361698471739	0.00031330805706894	0.000472371120935377	0.000454376118116475	0.000189230108478171	8.75218173663393e-05	5.18804741394252e-05	8.61264751255287e-05	0.000128100385193755	1.41628472427507e-05	0.000826573345378637	0.00127806364856648	0.0016353590164021	0.000710061347747683	0.00169164183865655	0.00185528974658013
BAC0442|yfeD|sp|Q56955|YFED_YERPE	0.000142764629357945	0.000290572925261662	1.28032844578696e-05	0.000109047718785818	0.000132310548771778	4.10545524786461e-05	9.13718570642981e-05	0.000185329470639328	0.000320824412946609	0.000187449264913041	0.000281501006056881	0.00024533806928603	3.68495789982331e-05	7.03252099137333e-05	1.26415825098087e-05	3.70192743960606e-05	0.000108184516873387	4.32276802207188e-05	0.00031178793072637	0.000364535873739386	0.000439990661272133	0.000414011624371259	0.000397706704997286	0.00036282003258574
BAC0445|ygiW|sp|P0ADU5|YGIW_ECOLI	0	0	0	0	0	0	0	0	0	0	0	0	0	0	0	0	0	0	0	0	3.23218467469264e-05	0	0	0
BAC0455|ziaA|sp|Q59998|ATZN_SYNY3	9.53248497202171e-05	0.000205023940091996	0.000347332533805852	0.000182840692104037	0.000293762955105875	0.000512160524519712	0.00028587424390208	0.00034269512574071	0.000186779606651	0.000218484987519136	0.000198080422433289	0.000242111579545372	0.000339322141838185	0.000203081050004684	6.65030962008286e-05	0.000208560738691814	0.000186110404152431	0.000175780872271373	7.599140381818e-05	0.000126888004163531	0.000233840267813668	0.000184175004200647	0.000187618043729101	0.000337261238878558
BAC0458|zipB|tr|Q7WJT8|Q7WJT8_BORBR	0.0065840249143915	0.00812870468611674	0.019969737111766	0.0053479146045694	0.00854562686678631	0.0237662761535956	0.00069840541509202	0.000682934088554597	0.000175846950526818	0.00115922811182509	0.000484803596186814	0.000115643218591659	0.00115331579802783	0.000532042486151977	0.00338319584832437	0.001257936508604	0.000554861047904893	0.00215521065365989	0.000530928534281011	0.000446234498620033	0.000163178255421376	0.000756438124423166	0.000478758667615111	0.000136445743148449
BAC0459|zitB/ybgR|sp|P75757|ZITB_ECOLI	0	0	0	0	0	0	0	0	0	0	0	0	0	4.23083930594939e-05	0	0	0	2.32804629597292e-05	0	0	0	1.27569321760415e-05	0	2.56873633991782e-05
BAC0461|zntA/yhhO|sp|P37617|ATZN_ECOLI	0.000171215502740001	4.75548471154229e-05	5.15236892276631e-05	0.000134421064246294	6.49289790680877e-05	5.3095398428454e-05	4.35040395063999e-05	4.99714631483662e-06	2.88608086867917e-05	5.04730192819131e-05	1.56221907168195e-05	3.06744923578079e-05	0.000155742329270196	0.000253419455202275	3.66521701917326e-05	6.41768568423509e-05	0.000406024472650835	4.05295413411913e-05	0.000130630800495464	9.3908538902418e-05	9.32785536241557e-05	0.000144902090614426	5.15863456870221e-05	4.90252728289194e-05
BAC0462|zntR/yhdM|sp|P0ACS5|ZNTR_ECOLI	0	0	0	0	0	0	0	0	0	0	0	0	0	0	0	0	0	0	0	0	0.00018476176225548	0	0	6.81486062019021e-05
BAC0464|znuB/yebI|sp|P39832|ZNUB_ECOLI	0	0	0	0	0	0	0	0	0	0	0	0	0	0	0	0	0	0	0	0	3.94425601107128e-05	0	0	0
BAC0465|znuC/yebM|sp|P0A9X1|ZNUC_ECOLI	1.84642959437372e-05	2.26327600730275e-05	0	0	0	0	0	0	0	0	0	0	0	0	0	0	0	1.62435444223381e-05	0	0	0	0	0	0
BAC0467|zraR/hydH|sp|P14375|ZRAR_ECOLI	0.000493483185608377	0.000457984988787053	0.00138384254736804	0.000650409698617192	0.000645140884925862	0.00136228849838263	0.000704526109883944	0.000447512501791128	0.000347557789379204	0.000664775428780892	0.000564425145417752	0.000417823951649289	0.000701599063401308	0.000794898291059417	0.000679323815227346	0.000910120120186142	0.000579885659781519	0.000764793751108537	0.000401299646749051	0.000661324298469069	0.00052427721143413	0.000346382714023065	0.000338067311892012	0.000488918707259835
BAC0468|zraS/hydG|sp|P14377|ZRAS_ECOLI	0	0	0	0	0	0	0	0	0	0	0	0	0	0	0	0	0	0	0	0	1.12952690244635e-05	0	0	2.10861388511481e-05
BAC0469|zupT/ygiE|sp|P0A8H3|ZUPT_ECOLI	0	0	0	0	0	0	0	0	0	0	0	0	0	0	0	0	2.56193799127669e-05	0	0	0	2.00282260484359e-05	0	0	0
BAC0470|zur/yjbK|sp|P0AC51|ZUR_ECOLI	0	0	0	0	0	0	0	0	0	0	0	0	0	0	0	0	0	0	0	0	6.02018022742459e-05	0	0	8.02753005385814e-05
BAC0472|adeB|tr|Q93E19|Q93E19_ACIBA	1.40050802227582e-05	2.28891204553944e-05	7.49793056095294e-06	4.5882630625169e-06	2.85626122837201e-05	3.92695719360963e-06	8.73991676267199e-06	2.06162461491327e-05	0	5.99022650917762e-06	1.20308478074263e-05	0	0.000113672940431506	6.97987952989599e-05	2.22189553460441e-05	0.000136703059653858	8.1300317437958e-05	2.86643712673932e-05	1.47941825397723e-05	2.42224787129715e-05	1.49195770853566e-05	2.31473609918898e-05	2.19128001456679e-05	4.73674133612747e-06
BAC0482|dmeF|tr|Q1MJL2|Q1MJL2_RHIL3	8.85327779292953e-05	0.000216665330917134	3.36362271913957e-05	5.85152694533309e-05	0.000341913427381065	6.42271781714114e-05	0.000152030484863286	4.98830571985239e-05	5.19479112746395e-05	9.75403566571498e-05	0.000112505568316051	4.03031590088228e-05	5.18838934947065e-05	4.99982142551597e-05	3.53563145504594e-05	3.36955624533802e-05	3.99535419494086e-05	1.34283961860446e-05	0.000157050899059825	0.000153668984629375	0.000176594362373493	0.000481483300174836	0.000176074485494154	0.000236474845410082
BAC0484|hupE2|tr|D2WPE1|D2WPE1_RHILV	0	0	0	0	0	0	0	0	0	0	0	0	0	0	1.80809568937402e-05	0	0	6.53875171069206e-05	0	0	0	0	0	0
BAC0487|pmrA|sp|Q70FH0|PMRA_PECSS	0.000159459386926799	0.000261881901128683	1.46817586254335e-05	9.58326944517044e-05	0.000289603612517449	3.24206136550119e-05	1.91261002514623e-05	0	0	0	0	0	0.000204897975789584	0.000379729680752498	0.000340361796661892	0.000221615385911552	0.000287687172002418	0.000207490496851988	2.11141463439939e-05	6.05627961935864e-05	8.80115151284549e-05	9.96154620648897e-05	2.333627536435e-05	0
BAC0490|G2alt|tr|B0FSM1|B0FSM1_9BACI	0	2.67989136553543e-05	0	0	0	0	0	0	0	0	0	3.16266400069234e-05	2.06340968372459e-05	0	0	0	0	0	0	0	2.28154212331245e-05	0	0	2.17397137431407e-05
BAC0491|kdeA|tr|A6T6T9|A6T6T9_KLEP7	0	0	0	0	0	0	0	0	0	0	0	0	0	0	0	0	0	0	0	0	5.12419521597613e-05	0	0	7.03094156668405e-05
BAC0492|kexD|tr|A6TA71|A6TA71_KLEP7	0	2.02612053341e-05	2.99050409656504e-06	0	1.29086457073171e-05	0	0	0	0	0	1.17512586817848e-05	0	1.09829850699213e-05	2.91457156097692e-05	7.46026915815479e-06	1.49788971544754e-05	1.2559419713305e-05	4.17858571107167e-06	0	0	9.91763794691334e-06	0	1.09801896801046e-05	8.02918726485192e-06
BAC0494|eefA|tr|A8CY69|A8CY69_KLEPN	0	0	0	0	6.5869660681039e-06	0	0	0	0	0	0	0	0	0	0	0	0	0	0	0	4.15690061103518e-05	0	0	2.56923889691663e-05
BAC0498|ideR|sp|P0A672|IDER_MYCTU	8.44592082821438e-05	0	4.82491831597322e-05	0	1.28009268466672e-05	3.60789192162885e-05	0.000343933561175964	0.000265066021917421	3.77994488436778e-05	0.000297066335046972	0.00026958920188886	8.69887295712167e-05	7.43500337124675e-05	2.29368619425047e-05	8.12805662403757e-05	2.41430050409091e-05	0	1.62179995328672e-05	0.000111862135326238	0.000148558024687216	0.000129252254545589	4.27335895234889e-05	4.85529810334215e-05	0.000146223205046255
BAC0499|emrAsm|tr|B2FIC9|B2FIC9_STRMK	4.96799620925696e-05	1.47625734047878e-05	3.6333483359488e-05	0.000130261138593944	6.54371521413472e-05	0.000155129797533815	0	3.32416494225773e-05	0	0	0	2.08973225033024e-05	8.47048051591064e-05	6.73919950515094e-05	2.90587521623369e-05	8.22336553378139e-05	0	9.42523068893361e-05	1.29872594814795e-05	0	0	1.06811320294344e-05	0	0
BAC0500|emrBsm|tr|B2FID0|B2FID0_STRMK	0	1.92290906423159e-05	0	0	1.67284839473492e-05	0.000162454147112768	0	0	0	1.17422053731039e-05	0	4.05403509274353e-05	0	0	0	0	0	0	1.95305853681943e-05	0	0	0	2.15860547120237e-05	0
BAC0501|emrCsm|tr|B2FIC8|B2FIC8_STRMK	0	0	0	0	5.92397017048987e-06	6.64451823943883e-06	0	0	0	0	0	0	0	0	0	0	0	0	0	0	0	0	0	0
BAC0502|emrRsm|tr|B2FIC7|B2FIC7_STRMK	0	0	0	0	0	2.82250048290692e-05	0	0	0	0	0	0.000143831289187949	0	0	0	0	0	0	0	0	0	0	0	0
BAC0503|farA|tr|Q9RQ30|Q9RQ30_NEIGO	0	0	0	1.01244566156147e-05	1.28102096072522e-05	0	9.83953645688779e-06	0	0	4.56015534058756e-05	0	0	1.18632964113125e-05	0	0	2.56504109394024e-05	0	0	0	0	2.66614218090129e-05	0	0	0
BAC0506|pcm|tr|R4IUI7|R4IUI7_STEMA	0	0	0	0	2.79469689106167e-05	0	0	0	0	0	0	0	0	0	0	0	0	0	0	0	0	0	0	0
BAC0507|tolCsm|tr|R4ITT0|R4ITT0_STEMA	0	0	0	0	6.5137459617997e-06	5.37648875173199e-05	0	0	0	0	0	2.64811885920802e-05	0	0	0	0	0	0	0	1.09588478440654e-05	0	0	0	0
BAC0508|adeL|tr|A3M732|A3M732_ACIBT	0	0	0	0	8.37994423862853e-06	0	0	0	0	0	0	0	0	0	0	0	0	0	0	0	0	0	0	2.70584591874748e-05
BAC0511|vmeD|tr|Q87TN1|Q87TN1_VIBPA	0	1.13895383035256e-05	0	9.13240821097114e-06	2.88874919028009e-06	0	1.29580928375919e-05	4.10342591622161e-06	4.0961518121947e-06	5.96142734326811e-06	6.10867713926917e-06	0	5.37131333294557e-06	3.55080266609929e-05	0	1.03582777396669e-05	1.83597344701781e-05	4.17054996931961e-06	1.50235272063033e-05	0	1.01005771084145e-05	2.4611191883019e-05	0	4.71396854124225e-06
BAC0513|vmeF|tr|Q87R57|Q87R57_VIBPA	0	0	0	0	0	0	0	0	0	0	0	0	0	0	0	0	0	0	0	4.87414561777256e-06	5.06489883932067e-06	0	0	0
BAC0515|vmeZ|tr|Q87GX5|Q87GX5_VIBPA	0	0	0	0	0	0	0	0	0	0	0	0	0	0	0	0	0	3.96559722797019e-06	0	0	0	0	0	0
BAC0519|vmeI|tr|Q87QH1|Q87QH1_VIBPA	0	0	0	0	0	8.19700043438602e-06	0	0	0	0	0	0	0	0	0	0	0	0	0	0	0	0	0	0
BAC0521|vmeK|tr|Q87LY6|Q87LY6_VIBPA	0.000126118889211263	2.30612132124528e-05	1.45832233326454e-05	6.30144922461334e-05	5.70327165160571e-06	7.95604162967052e-06	0.00020354718388421	0.000336598631557729	4.48447152436883e-05	7.14526764120828e-05	0.000370948394336291	2.87319534089743e-05	5.46516706739135e-06	0	0	0	1.21204475782893e-05	8.31710828013882e-06	0.000223506296217418	0.000140537086446092	0.000141303490608147	0.000212225398754096	8.45505549857983e-05	0.000174573215039891
BAC0523|vmeQ|tr|Q87IY5|Q87IY5_VIBPA	0	0	0	0	0	7.12371058783391e-06	0	0	0	0	0	0	0	4.63176573740437e-06	0	0	0	0	9.55990411903967e-06	0	0	1.41926108449685e-05	0	4.31197428323191e-06
BAC0527|vexA|tr|Q9KVI1|Q9KVI1_VIBCH	2.67954340996649e-05	0	0	0	0	0	0	0	0	0	0	0	0	2.83785154135581e-05	0	0	0	0	0	0	0	0	0	0
BAC0529|kpnO|tr|C4XBC3|C4XBC3_KLEPN	0	0	0	0	0	0	0	0	0	0	0	0	0	1.47483316935311e-05	0	0	0	0	0	0	0.000100153448413079	0	1.51398082363783e-05	4.02947447908926e-05
BAC0530|phoB|tr|C4X6T6|C4X6T6_KLEPN	0	0	0	0	5.7804236961959e-05	0	0	0	0	0	2.46615286365094e-05	0	0	0	0	0	0	1.68370557411182e-05	0	0	2.17183717065318e-05	0	0	6.08161612308114e-05
BAC0531|phoR|tr|C4X6T5|C4X6T5_KLEPN	0	0	0	0	0	0	0	0	0	0	0	0	0	2.16208124867872e-05	0	0	0	0	0	0	0	0	0	3.97828033611723e-05
BAC0532|cpxA|tr|C4WZK5|C4WZK5_KLEPN	0	0	0	0	0	0	0	0	0	0	0	0	0	1.15437160760965e-05	0	0	0	0	0	0	5.70052701926098e-05	0	0	2.14552616319122e-05
BAC0533|cpxR|tr|C4WZK6|C4WZK6_KLEPN	0.000111783159219912	2.34443346501142e-05	1.50524187877751e-05	5.36292799423581e-05	8.08052876950071e-05	8.97847136372977e-05	8.99170447728978e-05	8.07112979299043e-05	0.000194862675935511	0.000140162763925818	0.000158277931118857	0.000289596758757361	0.000287465432069325	0.000104878438051671	5.59676096352898e-05	0.000235040479247402	2.66772836177855e-05	0.000224720737312373	0.00010012231119787	0.000130719543249055	0.000118629536659516	0.000119152115185375	4.31721094240475e-05	0.000186380563082357
BAC0536|oxyRkp|tr|C4WZN6|C4WZN6_KLEPN	0	0	0	0	0	0	2.84478588772284e-05	0	0	0	0	0	0	0	0	0	0	0	0	0	1.72206560536903e-05	0	0	0.000126340539159117
BAC0538|chrR|tr|Q7BD45|Q7BD45_PSEPU	0	6.49831020170429e-05	0	0	3.19812491001331e-05	0	0.000123072297270279	2.2475644254749e-05	0.000183225715470214	0.000100678395509746	6.76289675547477e-05	0.000183192211169135	0.000417399490336337	0.00045554107748659	0.000451235680534088	0.000612609282747712	0.00041841405987209	0.000597904393881124	0.000269368073465275	0.000688062696895458	0.000138931809000901	0.000181646474284992	0.000302668982198698	7.85458672205267e-05
BAC0540|nfsA|sp|P17117|NFSA_ECOLI	0	0	0	0	0	0	0	0	0	0	0	0	0	0	0	0	0	0	0	0	2.10092003855021e-05	0	0	3.88116743228945e-05
BAC0541|yieF|sp|P0AGE6|YIEF_ECOLI	0	0	0	0	0	2.07183546085721e-05	0	0	0	0	0	0	9.0960147626955e-05	5.61221090082562e-05	2.08031361115535e-05	0	0	0	0	0	2.7379011140681e-05	5.33696314195169e-05	2.44948138576156e-05	2.55557273257133e-05
BAC0542|cnrA|tr|B0B0H8|B0B0H8_9BRAD	0	0	0	0	7.51074789472823e-06	0	0	0	0	0	0	0	3.22509576059782e-05	0.000129620370456502	3.49930647434342e-05	7.19683920002362e-05	0.000141213347884963	8.76034996187083e-05	0.00013671409757736	6.35136447417998e-05	1.31307502409388e-05	2.55956395583397e-05	5.41544881371824e-05	3.67689546216895e-05
BAC0543|cnrA|tr|A9DF56|A9DF56_9BRAD	8.79031267069534e-05	1.94821049928727e-05	2.29747444655515e-05	0.000114972212845489	7.49098276868947e-05	2.72965507228498e-05	4.34194206652547e-05	1.08866401858941e-05	1.08673415425574e-05	3.74590225114054e-05	3.80345529250285e-05	5.23061971364504e-05	0.000324384631734549	0.000770993296403836	0.000239033508431253	0.000382857232569784	0.000961636908909872	0.000299906443320073	0.000150419771519953	0.000179899904739862	0	0.000281552035141737	0.000246914169688412	0.000142882867521127
BAC0544|cnrA|tr|A9DF42|A9DF42_9BRAD	4.60599409313187e-05	0	0	1.530880007997e-05	2.82641302354246e-05	2.33970434767284e-05	1.42707186801886e-05	1.40380360291792e-05	0	8.07450040801406e-05	0	1.12084708149537e-05	7.95023606100859e-05	0.000132453602597627	0.000240834622057753	9.68102735028558e-05	7.53715415091521e-05	4.05201854913895e-05	0	7.98077211415286e-05	2.93714150126264e-05	3.36784731030786e-05	6.81664885642855e-05	3.16083995870664e-05
BAC0546|cnrA|tr|A9DF47|A9DF47_9BRAD	7.36310323338687e-05	0.000133193983114538	1.07215474172574e-05	4.03027593942069e-05	5.67259117312369e-05	5.01365217358466e-05	2.94523342974105e-05	2.37787140902423e-05	3.88936434154684e-05	0	5.34991513670731e-05	1.3507644315457e-05	8.70025833091506e-05	0.000121828982068406	5.91794477278666e-05	0.000255359928975457	0.000145545045672845	0.00015894185435707	0.000286105943551619	0.000218473636624934	1.72773029486037e-05	0.00010709754446779	0.000121942273987222	7.32153745537151e-05
BAC0547|chrC|sp|P17550|SODM_RALME	0.00197214394973534	0.0011356737188345	0.000914698049706668	0.00190532631166235	0.000918370026843723	0.000805057371241319	0.000196790729137756	9.99139363253628e-05	5.73707370774602e-05	8.86340052114202e-05	6.44977078663952e-05	2.17312744057724e-05	0.000742468746132387	0.000392941972384959	0.00241131368262206	0.000927361010886086	0.000419114848706939	0.00208105786002078	0.000462653460498681	0.000329439791026858	5.33228436180257e-05	0.000185016196604446	8.23995591037657e-05	0.000165740262457159
BAC0548|chrA1|sp|P17551|CHRA1_RALME	0.000156148554623683	0.000100673571813136	5.74769667028461e-05	0.00016318998572702	7.3271934574007e-05	1.05579818562603e-05	0.00112146178111122	0.000929789658569825	0.000891935024560219	0.00202129674301056	0.00116730879023992	0.000852551881505835	0.000864549361255381	0.000823177581791209	0.000888311550532605	0.00079319103643629	0.000979581588124909	0.000806902615510456	0.00106059358348578	0.00112106297296944	0.00078692815409038	0.00100186822570499	0.000687595691242518	0.00067143839994121
BAC0549|nccA|sp|Q44586|NCCA_ALCXX	0.000245693212325299	0.000311382597910513	0.000301254794716161	0.000306468681792114	0.000324609498230894	0.000332168435084111	0.000295270571936083	0.000171029522028209	0.000157879445161019	0.000303855955261456	0.000222473933821532	0.000263892125754795	0.000625747204425909	0.000607954742193526	0.000712119963077514	0.000712999481955353	0.00047888287797128	0.00065834534370711	0.000458859849542707	0.000534009581933118	0.000376837887955568	0.000532750876903881	0.000476765599984029	0.000351195913536534
BAC0560|marA|sp|P0ACH5|MARA_ECOLI	0	0	0	0	0	0	0	0	0	0	0	0	0	0	0	0	0	0	0	0	4.13566936722483e-05	0	0	0.000145917741175839
BAC0562|oprN|tr|P95423|P95423_PSEAI	0	0	0	9.8599051362519e-06	0	0	9.77798971956666e-06	0	0	0	0	0	0	0	0	0	0	0	0	0	0	0	0	0
BAC0563|acrD|tr|Q8ZN77|Q8ZN77_SALTY	0.00177692642182759	0.00146207843680359	0.0017303278755585	0.00145863493244594	0.00150464109030127	0.00181671590870384	0.000477008997881937	0.000251621014441185	0.000219820015618788	0.000347129105214447	0.000353857935609214	0.000244328755791191	0.000432157479784335	0.000592612713923561	0.000805731741357753	0.000506774946312899	0.000640894111434365	0.000636175772754922	9.24108700160143e-05	0.000128969893046262	8.41786187095096e-05	0.000168136448092006	6.53895787869211e-05	7.88564658424663e-05
BAC0564|actP/yjcG|sp|P32705|ACTP_ECOLI	0.00518900170381183	0.00893943061238255	0.00175067459831168	0.00453761916874653	0.0100194744993615	0.00134631730684669	0.00715920968588217	0.0079123069713902	0.0143752956387429	0.00752969868931226	0.00893681884947064	0.015493363828725	0.00448018767200598	0.00574574317506013	0.00268184178627399	0.00530589370565176	0.00611189460204751	0.00406006457996846	0.00671083720192382	0.00428462312102032	0.00346824012921322	0.00631191268846314	0.00319017510949865	0.0034826696545134
BAC0565|actR|sp|A6UEL7|ACTR_SINMW	0.00172867566315719	0.00160929647251877	0.000850039228221437	0.00150641427153425	0.00172669771188082	0.000347865910032497	0.00229761387958058	0.00440807917465129	0.00170650872552818	0.00215032810738325	0.00315620863293852	0.00169513084599995	0.00391372445500886	0.0050518281590998	0.0035396471754212	0.00318518416607754	0.00559723232345297	0.00326644352854793	0.00494935906320317	0.00520039178105039	0.00295915670378271	0.0054114987222931	0.00433204671883913	0.00330945862354396
BAC0566|actS|tr|Q52912|Q52912_9RHIZ	9.79240067420549e-06	5.21995901699027e-05	3.44108258908214e-05	1.052863320766e-05	4.57930125683199e-05	1.83821047616571e-05	1.79065929053755e-05	1.93093294752116e-05	3.37314250189309e-05	1.43184398083114e-05	1.37917846913384e-05	0	2.07996938037804e-05	0.000548259863983658	3.37808338631766e-05	0	0.000706468897048541	0	1.17875126471627e-05	0	5.87093128555603e-05	0	5.05170179557753e-05	4.25715995004011e-05
BAC0567|actA|sp|Q52910|LNT_SINMW	0	0	0	0	0	0	0	0	0	0	0	0	1.05200863771439e-05	0	0	0	0	0	9.80820357473663e-06	0	7.91306982504789e-06	0	0	0
BAC0568|actP|sp|Q9X5V3|ATCU_RHILV	0.00315085757201176	0.00309774215508697	0.00142371659449246	0.00291458690550646	0.00286355077879389	0.00141672072395898	0.00478390507234214	0.00566136357367379	0.00955147575901193	0.00575365042889045	0.006205416503849	0.0102875739130856	0.00514330134916561	0.00564160864998363	0.00599771877846497	0.00516927287598261	0.00478163396695486	0.00567705774981853	0.00330237969193605	0.00450853207189478	0.00442579665433708	0.00336450268953072	0.00431221440813926	0.00440166504252799
BAC0569|hmrR|sp|Q9X5V4|HMMR_RHILV	0	0	0	2.7977734302138e-05	0	0	0	0	0	0	0	0	0	0	0	0	0	0	0	0	0	0	0	0
BAC0570|actP|tr|D5AU53|D5AU53_RHOCB	0.00150935227514227	0.00271153609927543	0.000440551728357058	0.00134967380296879	0.00325009553908501	0.000506820685623976	0.00258820371074294	0.0027492026534048	0.00434961893725849	0.0026979681562391	0.00290302076103484	0.00519946194862098	0.00276959947723256	0.00240824731995686	0.00158753526582485	0.00283792041831143	0.00266211209154323	0.00194418172174131	0.00336422308251553	0.00423659746344868	0.00131755520747918	0.0035163113103595	0.00242620464431719	0.00115365097549867
BAC0571|arsA|sp|O50593|ARSA_ACIMA	1.64063433211259e-05	0.000112783022203987	3.94007891364244e-05	0	5.34899232571382e-05	0	0.000431439121005374	0.000604871438939075	0.000916659327095713	0.000447732054241908	0.000782413618084918	0.00119723445905626	0.000850234507876684	0.000284207687954227	0.000400088197403591	0.00131116809091639	0.00051431146867143	0.000331068700823519	0.000533858333494931	0.000327544759232773	0.000372796188658696	0.000525961855761423	0.000405408076146687	0.000533139330592365
BAC0572|arsA|sp|P08690|ARSA1_ECOLX	3.92399139226928e-05	6.09525892058315e-05	5.71045220929935e-05	6.25577794705564e-05	6.25595056205836e-05	5.7079383693778e-05	0.000595940128977698	0.000523006892498321	0.00128991429630355	0.000370035459274093	0.000605444298339806	0.00146983046369054	0.00265062758837821	0.000791681844223372	0.00107428108538248	0.00282749788950631	0.000971928963413773	0.00145238723089365	0.00116705576786777	0.000832820263946538	0.00131875075147076	0.00132623169773298	0.00107838943197129	0.00131283457873943
BAC0573|arsB|sp|P45946|ARSB_BACSU	0.00749129708999177	0.00383355978166229	0.0068140878718307	0.00902721131453864	0.00441267292497212	0.0066330392851482	0.00383382655506759	0.00273915418503813	0.00234759704120493	0.00408620435879586	0.00260914665419004	0.00238950576803465	0.00560659421849345	0.00520453280379714	0.00489619725537322	0.00551983059354671	0.00577010188707324	0.00670086361798876	0.00619258791558778	0.00431589084342014	0.00482968727937237	0.00529193546660517	0.005559303308339	0.00544350558248967
BAC0578|arsB|tr|O50594|O50594_ACIMU	0	0	0	0	0	0	1.07580679432062e-05	0	0	0	0	0	1.30213656556256e-05	0	0	0	1.50407856056631e-05	0	1.18974195249917e-05	2.3564051308299e-05	8.08046168673159e-05	0	0	3.38262954717019e-05
BAC0579|arsB|sp|P74311|Y944_SYNY3	0.00059756476597072	0.000483158695273766	0.00020444389957602	0.000708980085591988	0.000569169574142538	0.000240981111725996	0.000240521186701838	7.25397017086205e-05	0.000131202577787951	0.000229600878335066	0.000116112714292114	5.20105462359287e-05	0.000341712496108615	0.000310900993282589	0.000437663221366429	0.000326214232602361	0.000500604021322093	0.000481074572335679	0.000202342983657951	0.00033098324872377	0.000244924490133857	0.000110669397150419	0.000293074372069252	0.000310536062357594
BAC0582|arsC|sp|P08692|ARSC1_ECOLX	0	0	4.5131160759438e-05	3.23326111979915e-05	5.62507076371135e-05	0	2.68402350429864e-05	2.47072685069936e-05	5.05601138433874e-05	0	3.69466657047429e-05	5.08101037416193e-05	0	0	0	0	8.96569278308916e-05	0	3.47210406545677e-05	0	0	0	3.91917021721849e-05	2.85111515742652e-05
BAC0583|arsC|sp|P52147|ARSC2_ECOLX	0.000125881528706511	0.000123440241448544	2.42167204075033e-05	8.89146807944765e-05	7.58532269651985e-05	7.98707583460895e-05	0.000278221948616322	0.000515146548370817	0.000267598651317441	0.000206393605515955	0.00061457624416182	0.000172878279803802	7.60022566838557e-05	0	2.10805112597075e-05	7.1675616383862e-05	0	2.64548928550316e-05	0.000634582423878163	0.000558503111402253	0.000247342359148465	0.000623734876045782	0.000389467540336088	0.000297628606677695
BAC0584|arsC|sp|O50595|ARSC_ACIMA	0.000131476263315689	0.000276883319360277	0.000108975241833765	0.000163683844189832	0.000395033378633365	0.000148331408357023	9.55774223481954e-05	0.000255102547334709	6.04255019103898e-05	4.39708116099208e-05	0.000122554793557196	2.78835935167423e-05	0.000115620454316929	0.000187837262803143	5.27012781492688e-05	0.000116571332140787	0.000133551465414766	0.000171033958458112	0.000143316635893322	0.00036707778310392	0.000109516044562724	0.000100204205930521	0.000300469716653418	0.000232261576239136
BAC0585|arsC|sp|P74984|ARSC_YEREN	9.09144373991468e-05	0.000214305974737056	0.000334080665621694	0.000502502665702117	0.000542052273594003	0.000225800038632554	0.000183953806026321	0.000210011782309446	8.87884926030218e-05	8.88389867220849e-05	0.000211767474161331	9.23256763109912e-05	0.000307243165317715	0.000109189953580689	0.000235214125634631	0.000555289115940909	0.000222274466914086	0.000389440632028722	0.000504563207809994	0.000333381189733052	3.50153339758369e-05	0.000238892635877837	0.00038783455274558	9.94413335395102e-05
BAC0591|arsR|sp|P52144|ARSR2_ECOLX	0	0	0	0	0	0	0	0	0	0	0	0	0	0	0	0	0	0	0	0	0	0	0	4.190194258882e-05
BAC0595|arsH|tr|P74312|P74312_SYNY3	0.000664401893745788	0.000404851034605208	0.000148802983571922	0.000514074784536026	0.000526773230985599	0.000283620194156181	0.000464209587276732	0.00014501427509754	2.11016340632182e-05	0.000334132864446936	0.000115341313596608	0.000104333368362645	0.000864433434030456	0.00146860450499711	0.000744606852813029	0.000927278912056663	0.00185060222774731	0.000744933107918005	0.000470250987506038	0.00066935174793005	0.000519620757107444	0.000146118796701978	0.000548802737273976	0.000487872860676139
BAC0596|baeR|tr|D0ZNE3|D0ZNE3_SALT1	4.10863322861529e-05	0	0	1.97868844571041e-05	0	0	0	0	0	0	0	0	2.18506487966085e-05	0.000107214226273766	7.59383811858741e-05	4.53486111351742e-05	2.68854042701228e-05	1.51808018883234e-05	0	0	2.18845837348981e-05	0	2.30251250261587e-05	2.04271970120497e-05
BAC0597|baeS|tr|D0ZNE2|D0ZNE2_SALT1	0	0	0	0	0	0	0	0	0	0	0	0	0	0	0	0	0	0	0	0	0	0	0	2.0995834187974e-05
BAC0598|modA|tr|Q72FN6|Q72FN6_DESVH	0	2.24662769055204e-05	0	0	1.09450303893437e-05	0	0	0	0	0	0	0	0	0	0	1.81655918969517e-05	0	0	0	0	0	0	0	0
BAC0599|modB|tr|Q72FN2|Q72FN2_DESVH	4.14742719043054e-05	5.13561734138124e-05	3.33062580711858e-05	0	2.2693418531711e-05	0	0	0	0	0	0	0	0.000216263932108997	0.000114131832088438	0.000129247295429549	0.000115347610349957	0.000162767727349644	5.3239844758559e-05	8.67280929654867e-05	0.000125386036277005	0	2.19705060586607e-05	2.37168669797342e-05	2.06200718336227e-05
BAC0600|modC|tr|Q72FN3|Q72FN3_DESVH	0	2.38870691208893e-05	0	0	2.32744124484859e-05	0	0	0	0	0	0	0	0	0	0	0	0	0	0	0	3.73681429781659e-05	0	0	0
BAC0601|tunR|tr|Q72FN4|Q72FN4_DESVH	0	2.9392356912324e-05	0	0	2.17681229306267e-05	0	0	0	0	0	0	0	0	0	0	0	0	0	0	0	0	0	0	0
BAC0605|tupA|tr|Q93KD6|Q93KD6_EUBAC	0	0	0	0	1.89081765181969e-05	0	0	0	0	0	0	0	0	0	0	0	0	0	0	0	0	0	0	0
BAC0608|modE|sp|P0A9G8|MODE_ECOLI	0	0	0	0	0	0	0	0	0	0	0	0	0	0	0	0	0	0	0	0	0	0	0	1.8711936194244e-05
BAC0610|modB|sp|P0AF01|MODB_ECOLI	0.000195922597626546	0.000172593983881248	0.000113186009415538	8.0460903084958e-05	7.13685040127887e-05	3.51271894160905e-05	7.65842897860906e-05	3.53696956257868e-05	1.70840303725792e-05	9.9454522650369e-05	7.49046524326105e-05	0	7.16877180948159e-05	9.16779483220156e-05	0.000210407824175265	0.000209506461210893	0.000299594594950197	3.59869289929063e-05	4.27569146925244e-05	0.000254269490588905	6.6513844015236e-05	8.36049711337909e-05	6.78688183085462e-05	3.72506439835457e-05
BAC0611|modC|sp|P09833|MODC_ECOLI	0	0	0	0	0	0	0	0	0	0	0	0	1.55459161398796e-05	1.52930143981218e-05	1.08885505602063e-05	0	0	0	1.47958980062078e-05	5.28423850588606e-05	7.10254217578055e-05	1.33795388600412e-05	0	0.000102507388642286
BAC0612|perO|tr|D5AQ60|D5AQ60_RHOCB	5.75070546687531e-05	0.000210453509685313	3.86061513723284e-05	6.28923628323956e-05	0.000256703477625535	6.9732364871818e-06	7.41536446578068e-05	2.88358738369228e-05	0	0.000135884965022887	1.00367105400833e-05	0	0.000566568083228978	0.000111643631564426	0	0.00034063954171165	0.000126814638834755	5.01531414125642e-05	0.000137600359434404	0.000524477565054798	6.03793826205188e-05	9.29186242790148e-05	0.000265853124251613	5.63584648991275e-05
BAC0613|cmeB|tr|Q8RTE4|Q8RTE4_CAMJU	0.000109226434139188	0.000140277272779136	7.23802633333529e-06	7.85387106143519e-05	0.000113354518226591	4.32331083583724e-05	7.56184595727964e-05	5.8787857003828e-05	4.0961518121947e-06	6.50890536458865e-05	4.67924668868018e-05	4.20041312591951e-06	6.45653786347947e-05	1.01451504745694e-05	2.54214323283184e-05	1.45229461092238e-05	0	4.46248846717199e-05	4.90768555405909e-06	1.44830550353633e-05	4.9492827831231e-06	9.64758721814343e-06	1.08483762142478e-05	9.2393783408348e-06
BAC0622|copA|sp|O29777|COPA_ARCFU	8.27858934123976e-05	3.54788339072154e-05	5.98435577234266e-05	0.000109034593157654	4.29719406912311e-05	8.6886675313366e-05	6.03880861606033e-05	4.07301165163798e-05	3.65488700635262e-05	6.16903924079486e-05	1.51714011339461e-05	4.23802876585312e-05	7.08976275035968e-06	0	8.36679364804967e-06	6.63031780227951e-06	1.6378558799953e-05	5.39474125384627e-06	2.47452192724717e-05	1.65968295707258e-05	6.34979563890177e-05	7.80603335784192e-05	8.60578366960283e-05	5.32936423538253e-05
BAC0629|copB|sp|O30085|COPB_ARCFU	0.00143823599348815	0.000824533851914856	0.000357763756715869	0.00114619399564735	0.000845122415285072	0.000513572370476759	0.00115433788385352	0.00134211762430854	0.00543379676944149	0.00145690866169641	0.00156726345442356	0.00596942746274445	0.00121025332654183	0.000683424866041977	0.00113758784131405	0.0012473885937803	0.000889532346427986	0.00115248373424646	0.00167536569210605	0.00154769918421672	0.00651056851076811	0.00201307850369852	0.00208327326867114	0.00747457782840916
BAC0641|corA|sp|P0A2R8|CORA_SALTY	4.18144445038822e-05	9.25639046832638e-05	2.30846096289592e-05	0.000162001985656392	9.2030429899961e-05	6.51140143050362e-05	7.18570849568559e-05	2.64586698188818e-05	2.64117667869748e-05	5.76584447770494e-05	9.69037239358496e-05	0	0.00014070038025334	5.042435937244e-05	0.000118814873589024	0.000285024982929163	0.000178773005919133	8.04335434589286e-05	0.000271285599291543	0.000219134491699788	0.00036034767749817	0.000251420459459135	0.000196369341599676	0.000168795876069191
BAC0642|mgtA|sp|P36640|ATMA_SALTY	0.000213612487681976	0.000402135895592961	0.000209667325545885	0.000278823964748976	0.000366844245288411	0.000105327457045063	0.000958961056862349	0.00266792687340522	0.0012412383537477	0.00111673107387094	0.00232399542486495	0.001006191734238	0.000248987437362299	0.000200166908453855	0.000455790715734748	0.000273950838795681	0.00028190804459355	0.000316214612662701	0.000293319656084042	0.000290493026665041	0.00201264413005681	0.000259248074284913	0.000365415371119136	0.00197590329093407
BAC0643|corB|tr|Q9X621|Q9X621_SALTM	0	0	0	0	0	0	0	0	0	0	0	0	0	2.32399922765466e-05	0	0	2.90052010466128e-05	0	0	0	0	0	0	8.12048571968004e-05
BAC0644|corD|sp|Q56017|APAG_SALTY	0	0	0	0	0	0	0	0	0	0	0	0	0	4.30651285451109e-05	0	0	0	0	0	0	0	0	0	3.45137920715592e-05
BAC0646|mdtB|tr|D0ZND9|D0ZND9_SALT1	0.000199774389523671	0.00111233950105146	0.000126105819622027	0.000168401607410308	0.00134338392344785	0.00015306637234226	0.000302917608593843	0.000175609880537076	8.36785298776916e-05	0.000190157366072001	0.000268659620585058	7.54394197415145e-05	0.000503588029623509	0.000418642739991415	0.000279485332935003	0.000412729314059925	0.000363902599084771	0.000304283325761559	0.000232864671697702	0.000268276724144985	0.000134438681312997	0.000265899317104137	0.000261578704023139	0.000239092484411807
BAC0647|mdtC|tr|D0ZNE0|D0ZNE0_SALT1	0.000321578638197585	0.000525530886610461	0.000114211898413112	0.000200044244733577	0.000648998894108212	7.99708470156961e-05	0.000339168538529936	0.000220024727967543	9.56664998171326e-05	0.000401782700714926	0.000388240369295774	8.7027974722755e-05	0.00033056537081063	0.000441879279491866	0.000234506900110683	0.000343456601341229	0.000448956410726291	0.000280618665927849	0.000230762939788983	0.000173113785241563	8.49787345027621e-05	0.000209654731820943	8.29218683934271e-05	0.000144113277633549
BAC0648|merA|sp|P08662|MERA_SERMA	0.0013995791138937	0.00338405719528726	0.000906274866902382	0.00157806425640675	0.00295113612496687	0.000936027062320545	0.000681646620370333	0.000694472977423642	0.000223394742666136	0.00102350354880535	0.000858210707242507	0.00017302780052266	0.00407116001264901	0.00394092736110096	0.00395588094773243	0.00469098587944863	0.00356118291876126	0.00548243816766879	0.00368012838729153	0.00148030599747498	0.0010248836014145	0.00355601333237908	0.00107492295638425	0.000966437334810089
BAC0650|merA|tr|O08449|O08449_9PSED	0.000947772870044162	0.00152413354651748	0.000797175628704339	0.000829254765409294	0.00197365030794335	0.000695704205145335	0.000270423795539835	7.95930108494188e-05	0.000111232683908355	0.000162107376154806	0.00014112869279785	2.30321422721773e-05	0.0043279211246783	0.003197339816148	0.00325526303925688	0.00438356353424143	0.00262719221784959	0.00447686916847217	0.00252755751309815	0.000927574238959402	0.000707814360966742	0.00216226924831331	0.00100942309978476	0.000652234297565764
BAC0652|merA|tr|O66017|O66017_PSEST	0.00284150437534951	0.00551492474141579	0.00158264273390442	0.00302826098211099	0.00627400485101447	0.00165833223559884	0.00203546442450618	0.00166128964890199	0.0007272789142135	0.00204632949532142	0.00221076183453343	0.000735079784403341	0.00804872026865635	0.00794785754709101	0.0087989597144834	0.00868032697175649	0.00794232927105862	0.0108987874662052	0.00636100605232532	0.00243732685526393	0.00222338008357801	0.00598180590234368	0.0021576306998666	0.00194108620334395
BAC0653|merA|tr|Q934S5|Q934S5_THIFE	0.00121890427213624	0.00419878485278013	0.000847287499809208	0.00105505639572129	0.00507747940595784	0.000998773436006583	0.000691624702586937	0.000735022553760791	0.000267158702405645	0.000798343750947704	0.000675771865055038	0.00028760124036545	0.00643551137000531	0.004999233071678	0.00703407483405903	0.00666742162699155	0.0044137441519614	0.00912453403992221	0.00422898568299967	0.00160844272912259	0.000977937156734406	0.00405413069559639	0.00149581372723319	0.00104401150394396
BAC0659|merB|sp|P08664|MERB_SERMA	0	5.70134762979716e-05	1.79366768112608e-05	0	4.1946818430935e-05	0	0	0	0	0	0	0	0	2.28529573647405e-05	0	0	0	0	0	0	0	0	0	0
BAC0678|merP|tr|O66016|O66016_PSEST	0.00345883708107428	0.00318375782082225	0.0013107330161221	0.00213541796567394	0.00401783744522385	0.00144971068759417	0.000812480028407913	0.000772353286155298	7.7385025489859e-05	0.000923239126747528	0.000540356126376495	0.000262105779057378	0.00888098897195362	0.00660647466472251	0.00893338786773331	0.00797907745059706	0.00583749114109938	0.0126184159871734	0.00669963464674235	0.0016974196045281	0.00145679180695075	0.00579642791228863	0.00128409351107423	0.00082750350621121
BAC0679|merP|tr|O66047|O66047_PSEST	0.00052771104589072	0.00383857325914739	0.000183349120667698	0.00044983633587755	0.00503533744573164	0.000247511580808761	0.000281984329459925	0.000412495992977613	4.68131635679394e-05	0.000207172635369551	6.98134530202191e-05	0	0.00278118148084879	0.000954768097140233	0.00143460255472404	0.00223336062015794	0.000635264901076507	0.00108195982061206	0.00264986403676893	0.000727624241469834	0.000341688094181793	0.00215903438736061	0.000431404815050555	0.000443921151769556
BAC0684|merR2|tr|Q7DKL2|Q7DKL2_9PSED	0.00771943706436335	0.00768690529018102	0.00350617291649961	0.00666883962485933	0.00789254424604358	0.00358516363422573	0.00306783341008102	0.00212410446293666	0.00113865589718129	0.00335739206827842	0.00267974091261651	0.00105631055865485	0.0104138925460358	0.00763658373194032	0.0100615639106291	0.0127454276806104	0.00730935497724802	0.0168790034963862	0.00820863269475071	0.0035486724893695	0.00148304529110159	0.007869237184214	0.00272463979476211	0.0013563658816001
BAC0687|merR|tr|Q79BG7|Q79BG7_PSEST	0.00138255508142904	0.00146888886851024	0.000502267623451835	0.00125119066050422	0.00143705643052467	0.000786183988676365	0.00128200309656541	0.00127555134178059	0.00049446404018636	0.000801345607503251	0.00146119557171318	0.000119525089060888	0.002833459131995	0.0031618477190499	0.00594416098223906	0.00278415792853706	0.00262727096830146	0.00573978890444227	0.00208760256935588	0.00118359284215173	0.000801705250821766	0.00180804753880161	0.000865840639004508	0.00051612717783779
BAC0688|merR2|tr|Q79B70|Q79B70_PSEST	0.000865552066828287	0.000695833641139994	0.000287779947342575	0.000633180302627333	0.00103439689061285	0.000339288078882769	0.0010377815066697	0.000734243399204189	0.000467899427526775	0.000606281216203117	0.000828540242656208	0.000174737186038252	0.00161108950366298	0.00123812244567194	0.00196527226845846	0.00169208933385327	0.00164878856799427	0.00104036685956883	0.00096206216813698	0.000687972114655214	0.000706142568512711	0.00137363265629757	0.000582023993716788	0.000564471544099641
BAC0690|merT|tr|Q934S7|Q934S7_THIFE	0.00560275895375242	0.00907868834695311	0.00224648987952662	0.00506244027303207	0.0121990085288789	0.00288552010575803	0.0037335466732251	0.00258050912544261	0.00124562218232623	0.00254692648845747	0.00232761663410084	0.00086841368750907	0.0149904623430886	0.0111598083109141	0.0132663464092131	0.0153776789314532	0.0116415124893783	0.0223643872547881	0.0141096132363419	0.00408193560385717	0.00197142367410509	0.0105948295606314	0.00342002503621305	0.00236758257230695
BAC0691|merT|tr|Q52397|Q52397_PSEST	0.00145870647316631	0.00317800980812659	0.00032914622415935	0.000686127276209101	0.00292763773110372	0.000321911046455677	0.000876890118050738	0.000979046813959025	0.000316277112479945	0.00126964558139807	0.000780983840053599	0.000185281671402629	0.00186926239930207	0.00190266192925598	0.00217464507317843	0.00176447903565361	0.00240549633983351	0.00297558673466201	0.00259420051166498	0.00111808782659025	0.000526135578619687	0.00223476411592125	0.00110758791074108	0.000322045326686522
BAC0693|merT|tr|Q79F00|Q79F00_9PSED	0.00265814402190621	0.00310402990767512	0.000854977387145628	0.00231301856239942	0.00275204162515111	0.00102558961512523	0.000948505463445081	0.000590130978352603	0.000390474823701544	0.00154233578358838	0.000973765264807362	0.000442115207777818	0.00731194124648129	0.00573397336533826	0.00879635503243801	0.00907227528044147	0.00527529093497231	0.0102474151859948	0.00620488942042403	0.00218998808123251	0.00168164159982231	0.00600085356403972	0.0017655904061007	0.00113941496161006
BAC0698|ncrA|tr|Q1KLR2|Q1KLR2_SERMA	0.000368863960969017	3.8890581471033e-05	5.46099275856072e-05	0.000252832412507442	0.00011711203198817	9.64354331659865e-05	9.16632214044266e-05	0	7.76813673227248e-05	0.000205315522975065	4.08828873728125e-05	4.40887807365034e-05	7.30993927132918e-05	0.0001330832097401	2.67975212577715e-05	0	5.70019342235031e-05	5.98396688190525e-05	1.20559168939471e-05	9.14956111667308e-05	0	2.3699666257722e-05	2.53169777486698e-05	2.22429478575653e-05
BAC0700|ncrC|tr|Q1KLR0|Q1KLR0_SERMA	0.000125500069528612	0.000177378550414832	4.97200434340594e-05	7.07188389947411e-05	5.0982046315731e-05	1.39292231623978e-05	9.74988329024288e-05	7.46512469889879e-05	5.30664989610593e-05	0.000206498492159074	0	0.000106657762906465	0.000163849020902858	0.00256712909119557	0.000130366319632402	0.000360577348013577	0.00328296937591598	0.000129182333941453	8.6126217727564e-05	0.00024900469646784	0	0.00010770113268704	0.000286069735173486	0
BAC0702|ncrA|tr|Q8VTR6|Q8VTR6_HAFAL	0.000602322664792814	0.000107778110933826	0.000130833474620354	0.000334305484690424	0.000198262052730154	0.000262584250702207	3.26563676872401e-05	6.06822110000738e-05	0.000245123285046564	0.000213316586758893	2.24764033947406e-05	0.000209432295179421	0.000222244866115246	0.000725266515028673	0.000250755144765862	0.000137118323214289	0.000416918875029504	0.000106163833731648	0.00012634949090182	0.000355456483139622	0.00012817887599819	0.000214744643803543	0.000216951539055141	6.79628330913539e-05
BAC0705|sodA|sp|P53652|SODM_PSEAE	0.000316223081595494	0.000654357429345409	0.000565779804594469	0.000480031766376091	0.000480095885132973	0.000474680623085923	0.00195430320320564	0.00178090417385798	0.00159658913381887	0.00176640921830247	0.00132756299319069	0.00164881320126242	0.000616629146592662	0.00126861807241263	0.00065696918711304	0.000907063403182292	0.00076869498084075	0.000817904428268852	0.0012130129079911	0.00103480080332014	0.000874520902746272	0.000942121274777903	0.00113594397604423	0.000584439213034408
BAC0706|sodB|sp|P53641|SODF_PSEAE	0.00539836087380922	0.00660706430507996	0.00326497969017413	0.00484284509701211	0.00662035456917702	0.00341683426334908	0.000937868296426232	0.000343859888980364	0.00112479800338925	0.00088963129755815	0.000429240600476232	0.00101764039951811	0.00147790916753632	0.00183975121686238	0.00308299459101662	0.00207960089638388	0.00231572114859588	0.00212868327884825	0.0024238164805129	0.00199874922751136	0.00180319898645514	0.00175111308149387	0.00152765142984436	0.000929194031130503
BAC0707|sodB|sp|P0AGD3|SODF_ECOLI	0.00594044500092559	0.00720764958172183	0.0115444374242105	0.00503575184206127	0.00843600977009122	0.0143504406676791	0.00172364984208064	0.00193229402180304	0.00522353129647648	0.00151833904579563	0.00201914251788436	0.00607279624534494	0.00241710803899226	0.00323434734850457	0.0041954988834237	0.00270163979206483	0.00219973040161259	0.00415488771741411	0.00391448250571367	0.00184213863552344	0.00162086525253952	0.00228477553529055	0.00126697838226842	0.00114815664863583
BAC0714|arsT|tr|B7FB00|B7FB00_9MICO	0.000311951782172642	0.000304409731226503	0.000127902198818922	0.000429741816505403	0.000296906355048392	0.000198359061715403	0.000509097674124974	0.00103167716132004	0.000207686971702207	0.000413950460016299	0.000666675381619005	0.000250240908400459	0.0017357367232475	0.000854989010390203	0.00152263032948437	0.00162747698918977	0.000846189141200238	0.0015633280815859	0.0012985026222574	0.0010617546966765	0.000911047115482423	0.00128704987556935	0.0012240980820234	0.00134153724969506
BAC0716|copA|tr|D4PBS1|D4PBS1_9BURK	0.00343325092121939	0.00651460111894339	0.00179541338914582	0.00362385760600622	0.00826721003810292	0.00198760575201798	0.0011061594925092	0.000658193250915831	0.000198456266231128	0.00112587661069499	0.0010803220192353	0.000145802514682968	0.00210123525001481	0.00137439679225956	0.00387118468685489	0.00246641663225837	0.00169593176228745	0.00315093606883972	0.000697337604874936	0.000664024306846273	0.000181242536443589	0.000631496942382818	0.000443949704664303	0.00020164514478583
BAC0719|copR|tr|D4PBS0|D4PBS0_9BURK	0.0108163521104071	0.0083982635356605	0.0111283535592607	0.0107728746097447	0.00994919383731582	0.0124755748518609	0.00174294452297224	0.00577048729714225	0.032342342414116	0.00159535624377077	0.00609172157628782	0.0373656479170406	0.00607291075363435	0.00649487672351537	0.0112242000342986	0.00601353969558963	0.00703648522051059	0.00874829067825245	0.00369190334890481	0.00175017175829732	0.00069787083019668	0.00374720163134093	0.000736804000837077	0.000318877426748102
BAC0747|copF|tr|F4ZBY1|F4ZBY1_XANCI	0.00902351530222694	0.00987697923092577	0.00388509830912754	0.00778172858084078	0.0109551593897988	0.00366786311137084	0.00550362436725792	0.00339449102738025	0.00248444579223899	0.00570752093443811	0.00434635618507678	0.00203558649453358	0.00692294035769121	0.00828864445293692	0.0104244821854156	0.00615832151764324	0.00786813845039996	0.0101565203777551	0.00512959581344409	0.00392223115800412	0.0025196092131151	0.00500177869226981	0.00272935602347596	0.00201187542649286
BAC0749|copC|tr|Q7X4G2|Q7X4G2_XANEU	0.00311180410493088	0.00133321695120057	0.00138181407197955	0.0034514082677759	0.00131861421220901	0.00135736614132524	0.000127547653534653	7.60085423887877e-05	2.58181689980757e-05	0.000180973744852409	0.000113199340733512	4.23605299486671e-05	0.00601454222211785	0.00447616336090092	0.00602861267914638	0.00606981484552135	0.00479647583416514	0.00567696272866203	0.00102521763678214	0.000476653629864273	0	0.000949986040334985	0.000667030894697202	0
BAC0750|tr|Q7X4G1|Q7X4G1_XANEU	0.033174608272766	0.0335389707687392	0.0254673489025481	0.028363783173438	0.0309139826496667	0.0278703306194512	0.0181299241316582	0.0111015934219049	0.00906696987900483	0.0190538089794818	0.0125943974281965	0.00711886731544776	0.0337925438047916	0.0347171366325073	0.0344970917008891	0.0337566160911499	0.0358840646527165	0.0410730668476358	0.0227388095246764	0.0107168071997671	0.00896042396441666	0.0202436457854985	0.0090175207735426	0.00855230238136829
BAC0753|copR|tr|Q7X4F8|Q7X4F8_XANEU	0.0177923004487246	0.0147709911607132	0.0113991798020383	0.0168996380639343	0.0141075006359588	0.011692239335249	0.0042520936538171	0.00282227754035019	0.000744532580043401	0.00384211124914438	0.00387338569479228	0.000831348726525603	0.0124806084637698	0.0111366991560325	0.0186021826397054	0.012039744364925	0.0114674962857888	0.0172975158382145	0.00379575922856278	0.00247380497147801	0.000298015970226066	0.00339666540112522	0.00153872751826796	0.00038269948657641
BAC0754|sh-fabI|tr|I2EC90|I2EC90_STAAU	7.01035544632483e-05	8.30971417042936e-05	8.54851950322396e-05	9.94290943969483e-05	3.26248111677257e-05	3.07608451066809e-05	0.00011790422228725	0.000143227359945669	0	0.000116148982995434	0.000113659574022527	6.040719126713e-05	0.000136269671163632	9.168162131674e-05	9.34970948613632e-05	3.6874667855451e-05	4.42374636587481e-05	0.000148758304218169	0	7.02889877345442e-05	0	0	6.07107788775668e-05	0
BAC0755|galE|tr|A0A1Z2RUL8|A0A1Z2RUL8_9BACT	1.43864604236012e-05	1.76343202069349e-05	0	0	0	0	0	2.40895867943188e-05	0	0	0	1.19501115071753e-05	5.16307123673002e-05	0.000142023296265791	4.56480243819231e-05	8.27026342890715e-05	0.000196524783772178	1.31835014227732e-05	1.58302616966114e-05	7.34360408720732e-05	0	6.16162508516871e-05	1.6096591963576e-05	1.34111688589749e-05
BAC0166|fetB/ybbM|sp|P77307|YBBM_ECOLI	0	0	0	0	0	0	0	0	0	0	0	0	0	0	0	0	0	0	0	0	0	0	0	3.71002064651282e-05
BAC0288|nrsR|tr|F7UKI5|F7UKI5_SYNYG	0	0	0	0	0	0	0	0	0	0	2.28057279866049e-05	0	2.38725037019803e-05	4.23289725016047e-05	1.53765402643346e-05	2.13572736900349e-05	0	0	0	0	0	0	0	0
BAC0344|silE|sp|Q9Z4N3|SILE_SALTM	0	0	0	0	0	0	0	0	0	0	0	0	0	0	0	0	0	0	0	0	3.15872593208599e-05	0	0	0
BAC0371|soxS|sp|P0A9E2|SOXS_ECOLI	0	0	0	0	0	0	0	0	0	0	0	0	0	0.000201238918435098	0	0	0	0	0	0	4.71234401170142e-05	0	0	0
BAC0387|terB|sp|P18779|TERB_ALCSP	0	0	0	0	0	0	0	0	0	0	0	0	0	0	0	0	0	0	0	0	3.53023449100651e-05	0	0	0
BAC0463|znuA/yebL|sp|P39172|ZNUA_ECOLI	0	0	0	0	0	0	0	0	0	0	0	0	0	0	0	0	0	0	0	0	0	0	0	4.64949361667816e-05
BAC0477|kpnF|tr|C4X7Z4|C4X7Z4_KLEPN	0	0	0	0	0	0	0	0	0	0	0	0	0	0	0	0	0	0	0	0	4.62587898396378e-05	0	0	0
BAC0488|pmrB|sp|Q70FG9|PMRB_PECSS	0	0	0	0	0	0	0	0	0	0	0	0	0	0	0	0	0	0	0	0	1.41408079517803e-05	0	0	2.53207453072441e-05
BAC0493|kmrA|tr|C4X8X9|C4X8X9_KLEPN	0	0	0	0	0	0	0	0	0	0	0	0	0	0	0	0	0	0	0	0	2.88402850983346e-05	0	0	2.90811237622448e-05
BAC0509|vexH|tr|Q9KTI8|Q9KTI8_VIBCH	0	0	0	0	0	0	0	1.37028752918976e-05	3.52454320299157e-06	0	0	0	2.64100505851236e-05	0	3.77508647584175e-06	4.3951455122736e-06	1.27107734316238e-05	4.01918637969952e-06	8.44565853759754e-06	4.00065732105861e-06	5.49564990779062e-05	8.00481391592864e-06	9.33451014573999e-06	6.28432068695028e-05
BAC0229|merG|tr|O07302|O07302_9PSED	0	0	0	0	0	0	0	0	0	0	0	0	0	4.86219193251252e-05	0	0	0	0	7.1042129265567e-05	2.28267245415555e-05	4.74401299027468e-05	4.62372843634524e-05	0	2.21404457937055e-05
BAC0294|oqxA|tr|Q69HW3|Q69HW3_ECOLX	0	0	0	0	0	0	0	0	0	0	0	0	0	2.75352484303778e-05	0	0	3.36786733380108e-05	0	0	0	7.38814591561776e-05	0	0	3.68629928688038e-05
BAC0307|pcoE|sp|Q47459|PCOE_ECOLX	0	0	0	0	0	0	0	0	0	0	0	0	0	0	0	0	0	0	0	0	0	0	0	0.000113030490133342
BAC0495|eefX|tr|A8CY68|A8CY68_KLEPN	0	0	0	0	0	0	0	0	0	0	0	0	0	0	0	0	0	0	0	0	7.74929522416063e-05	0	0	0
BAC0657|merB|tr|O07303|O07303_9PSED	0	0	0	0	0	0	0	0	0	0	0	0	0.000107550363231871	4.67216017234694e-05	0	7.7530933169108e-05	0	0	2.40754385670823e-05	0	2.47750004546016e-05	0	5.43045401560346e-05	4.53252522380575e-05
BAC0386|terA|sp|P18778|TERA_ALCSP	0	0	0	0	0	0	0	0	0	0	0	0	0	0	0	0	0	0	0	0	1.54935106087774e-05	0	0	1.44617323979113e-05
BAC0392|terZ|sp|Q52353|TERZ_SERMA	0	0	0	0	0	0	0	0	0	0	0	0	0	0	0	0	0	0	0	0	2.66697103339276e-05	0	0	2.48936618509539e-05
BAC0429|vmeA|tr|Q2AAU4|Q2AAU4_VIBPH	0	0	0	0	0	0	0	0	0	0	0	0	0	0	0	0	0	0	0	0	3.82489400158219e-05	0	0	0
BAC0476|kpnE|tr|C4X7Z3|C4X7Z3_KLEPN	0	0	0	0	0	0	0	0	0	0	0	0	0	0	0	0	0	0	0	0	3.76414840240247e-05	0	0	6.53670304385592e-05
BAC0589|arsR|sp|P15905|ARSR1_ECOLX	0	0	0	0	0	0	0	0	0	0	0	0	0	0	0	0	0	0	0	0	4.30957956625685e-05	0	0	4.10639037370436e-05
